{
	"credit": "Made with Blockbench",
	"texture_size": [32, 32],
	"textures": {
		"0": "item/amalon/tc/metro/seats",
		"particle": "item/amalon/tc/metro/seats"
	},
	"elements": [
		{
			"name": "backrest",
			"from": [24.5, 5, -2],
			"to": [25.5, 12, 4],
			"rotation": {"angle": 0, "axis": "y", "origin": [22, 0, 1]},
			"faces": {
				"north": {"uv": [7, 4, 6.5, 9], "texture": "#0"},
				"east": {"uv": [6, 1.5, 3, 5], "texture": "#0"},
				"south": {"uv": [6.5, 4, 6, 9], "texture": "#0"},
				"west": {"uv": [3, 12.5, 0, 16], "texture": "#0"},
				"up": {"uv": [10, 4, 7, 4.5], "rotation": 90, "texture": "#0"},
				"down": {"uv": [10, 5, 7, 4.5], "rotation": 270, "texture": "#0"}
			}
		},
		{
			"name": "seat",
			"from": [19.5, 3, -2],
			"to": [24.5, 5, 4],
			"rotation": {"angle": 0, "axis": "y", "origin": [22, 0, 1]},
			"faces": {
				"north": {"uv": [8.5, 3, 6, 4], "texture": "#0"},
				"east": {"uv": [9, 1, 6, 2], "texture": "#0"},
				"south": {"uv": [8.5, 2, 6, 3], "texture": "#0"},
				"west": {"uv": [9, 0, 6, 1], "texture": "#0"},
				"up": {"uv": [3, 10, 0, 12.5], "rotation": 90, "texture": "#0"},
				"down": {"uv": [6, 7.5, 3, 5], "rotation": 270, "texture": "#0"}
			}
		},
		{
			"name": "armrest",
			"from": [21.5, 7, -3],
			"to": [25.5, 8, -2],
			"rotation": {"angle": 0, "axis": "y", "origin": [22, 0, 1]},
			"faces": {
				"north": {"uv": [9, 5.5, 7, 6], "texture": "#0"},
				"east": {"uv": [1.5, 7.5, 1, 8], "texture": "#0"},
				"south": {"uv": [9, 5, 7, 5.5], "texture": "#0"},
				"west": {"uv": [1, 7.5, 0.5, 8], "texture": "#0"},
				"up": {"uv": [8, 6, 7.5, 8], "rotation": 90, "texture": "#0"},
				"down": {"uv": [0.5, 9.5, 0, 7.5], "rotation": 270, "texture": "#0"}
			}
		},
		{
			"name": "armrest",
			"from": [21.5, 7, 4],
			"to": [25.5, 8, 5],
			"rotation": {"angle": 0, "axis": "y", "origin": [22, 0, 1]},
			"faces": {
				"north": {"uv": [9, 5.5, 7, 6], "texture": "#0"},
				"east": {"uv": [1.5, 7.5, 1, 8], "texture": "#0"},
				"south": {"uv": [9, 5, 7, 5.5], "texture": "#0"},
				"west": {"uv": [1, 7.5, 0.5, 8], "texture": "#0"},
				"up": {"uv": [8, 6, 7.5, 8], "rotation": 90, "texture": "#0"},
				"down": {"uv": [0.5, 9.5, 0, 7.5], "rotation": 270, "texture": "#0"}
			}
		},
		{
			"name": "backrest",
			"from": [24.5, 5, 5],
			"to": [25.5, 12, 11],
			"rotation": {"angle": 0, "axis": "y", "origin": [22, 0, 1]},
			"faces": {
				"north": {"uv": [7, 4, 6.5, 9], "texture": "#0"},
				"east": {"uv": [6, 1.5, 3, 5], "texture": "#0"},
				"south": {"uv": [6.5, 4, 6, 9], "texture": "#0"},
				"west": {"uv": [3, 12.5, 0, 16], "texture": "#0"},
				"up": {"uv": [10, 4, 7, 4.5], "rotation": 90, "texture": "#0"},
				"down": {"uv": [10, 5, 7, 4.5], "rotation": 270, "texture": "#0"}
			}
		},
		{
			"name": "seat",
			"from": [19.5, 3, 5],
			"to": [24.5, 5, 11],
			"rotation": {"angle": 0, "axis": "y", "origin": [22, 0, 1]},
			"faces": {
				"north": {"uv": [8.5, 3, 6, 4], "texture": "#0"},
				"east": {"uv": [9, 1, 6, 2], "texture": "#0"},
				"south": {"uv": [8.5, 2, 6, 3], "texture": "#0"},
				"west": {"uv": [9, 0, 6, 1], "texture": "#0"},
				"up": {"uv": [3, 10, 0, 12.5], "rotation": 90, "texture": "#0"},
				"down": {"uv": [6, 7.5, 3, 5], "rotation": 270, "texture": "#0"}
			}
		},
		{
			"name": "armrest",
			"from": [21.5, 7, 11],
			"to": [25.5, 8, 12],
			"rotation": {"angle": 0, "axis": "y", "origin": [22, 0, 1]},
			"faces": {
				"north": {"uv": [9, 5.5, 7, 6], "texture": "#0"},
				"east": {"uv": [1.5, 7.5, 1, 8], "texture": "#0"},
				"south": {"uv": [9, 5, 7, 5.5], "texture": "#0"},
				"west": {"uv": [1, 7.5, 0.5, 8], "texture": "#0"},
				"up": {"uv": [8, 6, 7.5, 8], "rotation": 90, "texture": "#0"},
				"down": {"uv": [0.5, 9.5, 0, 7.5], "rotation": 270, "texture": "#0"}
			}
		},
		{
			"name": "backrest",
			"from": [24.5, 5, 12],
			"to": [25.5, 12, 18],
			"rotation": {"angle": 0, "axis": "y", "origin": [22, 0, 1]},
			"faces": {
				"north": {"uv": [7, 4, 6.5, 9], "texture": "#0"},
				"east": {"uv": [6, 1.5, 3, 5], "texture": "#0"},
				"south": {"uv": [6.5, 4, 6, 9], "texture": "#0"},
				"west": {"uv": [3, 12.5, 0, 16], "texture": "#0"},
				"up": {"uv": [10, 4, 7, 4.5], "rotation": 90, "texture": "#0"},
				"down": {"uv": [10, 5, 7, 4.5], "rotation": 270, "texture": "#0"}
			}
		},
		{
			"name": "seat",
			"from": [19.5, 3, 12],
			"to": [24.5, 5, 18],
			"rotation": {"angle": 0, "axis": "y", "origin": [22, 0, 1]},
			"faces": {
				"north": {"uv": [8.5, 3, 6, 4], "texture": "#0"},
				"east": {"uv": [9, 1, 6, 2], "texture": "#0"},
				"south": {"uv": [8.5, 2, 6, 3], "texture": "#0"},
				"west": {"uv": [9, 0, 6, 1], "texture": "#0"},
				"up": {"uv": [3, 10, 0, 12.5], "rotation": 90, "texture": "#0"},
				"down": {"uv": [6, 7.5, 3, 5], "rotation": 270, "texture": "#0"}
			}
		},
		{
			"name": "armrest",
			"from": [21.5, 7, 18],
			"to": [25.5, 8, 19],
			"rotation": {"angle": 0, "axis": "y", "origin": [22, 0, 1]},
			"faces": {
				"north": {"uv": [9, 5.5, 7, 6], "texture": "#0"},
				"east": {"uv": [1.5, 7.5, 1, 8], "texture": "#0"},
				"south": {"uv": [9, 5, 7, 5.5], "texture": "#0"},
				"west": {"uv": [1, 7.5, 0.5, 8], "texture": "#0"},
				"up": {"uv": [8, 6, 7.5, 8], "rotation": 90, "texture": "#0"},
				"down": {"uv": [0.5, 9.5, 0, 7.5], "rotation": 270, "texture": "#0"}
			}
		},
		{
			"name": "Support",
			"from": [22, -2, -2],
			"to": [26, 3, 18],
			"faces": {
				"north": {"uv": [12, 1, 12.5, 1.5], "texture": "#0"},
				"south": {"uv": [12, 1, 12.5, 1.5], "texture": "#0"},
				"west": {"uv": [12, 1, 12.5, 1.5], "texture": "#0"},
				"up": {"uv": [12, 1, 12.5, 1.5], "texture": "#0"},
				"down": {"uv": [12, 1, 12.5, 1.5], "texture": "#0"}
			}
		},
		{
			"name": "backrest",
			"from": [-9.5, 5, -2],
			"to": [-8.5, 12, 4],
			"rotation": {"angle": 0, "axis": "y", "origin": [-6, 0, 1]},
			"faces": {
				"north": {"uv": [6.5, 4, 7, 9], "texture": "#0"},
				"east": {"uv": [0, 12.5, 3, 16], "texture": "#0"},
				"south": {"uv": [6, 4, 6.5, 9], "texture": "#0"},
				"west": {"uv": [3, 1.5, 6, 5], "texture": "#0"},
				"up": {"uv": [10, 4.5, 7, 4], "rotation": 90, "texture": "#0"},
				"down": {"uv": [10, 4.5, 7, 5], "rotation": 270, "texture": "#0"}
			}
		},
		{
			"name": "seat",
			"from": [-8.5, 3, -2],
			"to": [-3.5, 5, 4],
			"rotation": {"angle": 0, "axis": "y", "origin": [-6, 0, 1]},
			"faces": {
				"north": {"uv": [6, 3, 8.5, 4], "texture": "#0"},
				"east": {"uv": [6, 0, 9, 1], "texture": "#0"},
				"south": {"uv": [6, 2, 8.5, 3], "texture": "#0"},
				"west": {"uv": [6, 1, 9, 2], "texture": "#0"},
				"up": {"uv": [3, 12.5, 0, 10], "rotation": 90, "texture": "#0"},
				"down": {"uv": [6, 5, 3, 7.5], "rotation": 270, "texture": "#0"}
			}
		},
		{
			"name": "armrest",
			"from": [-9.5, 7, -3],
			"to": [-5.5, 8, -2],
			"rotation": {"angle": 0, "axis": "y", "origin": [-6, 0, 1]},
			"faces": {
				"north": {"uv": [7, 5.5, 9, 6], "texture": "#0"},
				"east": {"uv": [0.5, 7.5, 1, 8], "texture": "#0"},
				"south": {"uv": [7, 5, 9, 5.5], "texture": "#0"},
				"west": {"uv": [1, 7.5, 1.5, 8], "texture": "#0"},
				"up": {"uv": [8, 8, 7.5, 6], "rotation": 90, "texture": "#0"},
				"down": {"uv": [0.5, 7.5, 0, 9.5], "rotation": 270, "texture": "#0"}
			}
		},
		{
			"name": "armrest",
			"from": [-9.5, 7, 4],
			"to": [-5.5, 8, 5],
			"rotation": {"angle": 0, "axis": "y", "origin": [-6, 0, 1]},
			"faces": {
				"north": {"uv": [7, 5.5, 9, 6], "texture": "#0"},
				"east": {"uv": [0.5, 7.5, 1, 8], "texture": "#0"},
				"south": {"uv": [7, 5, 9, 5.5], "texture": "#0"},
				"west": {"uv": [1, 7.5, 1.5, 8], "texture": "#0"},
				"up": {"uv": [8, 8, 7.5, 6], "rotation": 90, "texture": "#0"},
				"down": {"uv": [0.5, 7.5, 0, 9.5], "rotation": 270, "texture": "#0"}
			}
		},
		{
			"name": "backrest",
			"from": [-9.5, 5, 5],
			"to": [-8.5, 12, 11],
			"rotation": {"angle": 0, "axis": "y", "origin": [-6, 0, 1]},
			"faces": {
				"north": {"uv": [6.5, 4, 7, 9], "texture": "#0"},
				"east": {"uv": [0, 12.5, 3, 16], "texture": "#0"},
				"south": {"uv": [6, 4, 6.5, 9], "texture": "#0"},
				"west": {"uv": [3, 1.5, 6, 5], "texture": "#0"},
				"up": {"uv": [10, 4.5, 7, 4], "rotation": 90, "texture": "#0"},
				"down": {"uv": [10, 4.5, 7, 5], "rotation": 270, "texture": "#0"}
			}
		},
		{
			"name": "seat",
			"from": [-8.5, 3, 5],
			"to": [-3.5, 5, 11],
			"rotation": {"angle": 0, "axis": "y", "origin": [-6, 0, 1]},
			"faces": {
				"north": {"uv": [6, 3, 8.5, 4], "texture": "#0"},
				"east": {"uv": [6, 0, 9, 1], "texture": "#0"},
				"south": {"uv": [6, 2, 8.5, 3], "texture": "#0"},
				"west": {"uv": [6, 1, 9, 2], "texture": "#0"},
				"up": {"uv": [3, 12.5, 0, 10], "rotation": 90, "texture": "#0"},
				"down": {"uv": [6, 5, 3, 7.5], "rotation": 270, "texture": "#0"}
			}
		},
		{
			"name": "armrest",
			"from": [-9.5, 7, 11],
			"to": [-5.5, 8, 12],
			"rotation": {"angle": 0, "axis": "y", "origin": [-6, 0, 1]},
			"faces": {
				"north": {"uv": [7, 5.5, 9, 6], "texture": "#0"},
				"east": {"uv": [0.5, 7.5, 1, 8], "texture": "#0"},
				"south": {"uv": [7, 5, 9, 5.5], "texture": "#0"},
				"west": {"uv": [1, 7.5, 1.5, 8], "texture": "#0"},
				"up": {"uv": [8, 8, 7.5, 6], "rotation": 90, "texture": "#0"},
				"down": {"uv": [0.5, 7.5, 0, 9.5], "rotation": 270, "texture": "#0"}
			}
		},
		{
			"name": "backrest",
			"from": [-9.5, 5, 12],
			"to": [-8.5, 12, 18],
			"rotation": {"angle": 0, "axis": "y", "origin": [-6, 0, 1]},
			"faces": {
				"north": {"uv": [6.5, 4, 7, 9], "texture": "#0"},
				"east": {"uv": [0, 12.5, 3, 16], "texture": "#0"},
				"south": {"uv": [6, 4, 6.5, 9], "texture": "#0"},
				"west": {"uv": [3, 1.5, 6, 5], "texture": "#0"},
				"up": {"uv": [10, 4.5, 7, 4], "rotation": 90, "texture": "#0"},
				"down": {"uv": [10, 4.5, 7, 5], "rotation": 270, "texture": "#0"}
			}
		},
		{
			"name": "seat",
			"from": [-8.5, 3, 12],
			"to": [-3.5, 5, 18],
			"rotation": {"angle": 0, "axis": "y", "origin": [-6, 0, 1]},
			"faces": {
				"north": {"uv": [6, 3, 8.5, 4], "texture": "#0"},
				"east": {"uv": [6, 0, 9, 1], "texture": "#0"},
				"south": {"uv": [6, 2, 8.5, 3], "texture": "#0"},
				"west": {"uv": [6, 1, 9, 2], "texture": "#0"},
				"up": {"uv": [3, 12.5, 0, 10], "rotation": 90, "texture": "#0"},
				"down": {"uv": [6, 5, 3, 7.5], "rotation": 270, "texture": "#0"}
			}
		},
		{
			"name": "armrest",
			"from": [-9.5, 7, 18],
			"to": [-5.5, 8, 19],
			"rotation": {"angle": 0, "axis": "y", "origin": [-6, 0, 1]},
			"faces": {
				"north": {"uv": [7, 5.5, 9, 6], "texture": "#0"},
				"east": {"uv": [0.5, 7.5, 1, 8], "texture": "#0"},
				"south": {"uv": [7, 5, 9, 5.5], "texture": "#0"},
				"west": {"uv": [1, 7.5, 1.5, 8], "texture": "#0"},
				"up": {"uv": [8, 8, 7.5, 6], "rotation": 90, "texture": "#0"},
				"down": {"uv": [0.5, 7.5, 0, 9.5], "rotation": 270, "texture": "#0"}
			}
		},
		{
			"name": "Support",
			"from": [-10, -2, -2],
			"to": [-6, 3, 18],
			"rotation": {"angle": 0, "axis": "y", "origin": [16, 0, 0]},
			"faces": {
				"north": {"uv": [12.5, 1, 12, 1.5], "texture": "#0"},
				"east": {"uv": [12.5, 1, 12, 1.5], "texture": "#0"},
				"south": {"uv": [12.5, 1, 12, 1.5], "texture": "#0"},
				"up": {"uv": [12.5, 1, 12, 1.5], "texture": "#0"},
				"down": {"uv": [12.5, 1, 12, 1.5], "texture": "#0"}
			}
		}
	],
	"display": {
		"gui": {
			"rotation": [40, 135, 0],
			"translation": [0, 1.25, 0],
			"scale": [0.4, 0.4, 0.4]
		},
		"head": {
			"scale": [2, 2, 2]
		}
	},
	"groups": [
		{
			"name": "Seating",
			"origin": [8, 8, 8],
			"color": 0,
			"children": [
				{
					"name": "Seat",
					"origin": [8, 8, 8],
					"color": 0,
					"children": [0, 1, 2, 3]
				},
				{
					"name": "Seat",
					"origin": [8, 8, 8],
					"color": 0,
					"children": [4, 5, 6]
				},
				{
					"name": "Seat",
					"origin": [8, 8, 8],
					"color": 0,
					"children": [7, 8, 9]
				},
				{
					"name": "Supports",
					"origin": [0, 0, 0],
					"color": 0,
					"children": [10]
				}
			]
		},
		{
			"name": "Seating",
			"origin": [8, 8, 8],
			"color": 0,
			"children": [
				{
					"name": "Seat",
					"origin": [8, 8, 8],
					"color": 0,
					"children": [11, 12, 13, 14]
				},
				{
					"name": "Seat",
					"origin": [8, 8, 8],
					"color": 0,
					"children": [15, 16, 17]
				},
				{
					"name": "Seat",
					"origin": [8, 8, 8],
					"color": 0,
					"children": [18, 19, 20]
				},
				{
					"name": "Supports",
					"origin": [0, 0, 0],
					"color": 0,
					"children": [21]
				}
			]
		}
	]
}