{
	"credit": "Made with Blockbench",
	"texture_size": [32, 32],
	"textures": {
		"0": "item/amalon/tc/metro/seats",
		"particle": "item/amalon/tc/metro/seats"
	},
	"elements": [
		{
			"name": "backrest",
			"from": [-9, 5, 17.2],
			"to": [-3, 15, 18.2],
			"rotation": {"angle": 0, "axis": "y", "origin": [20, 0, 11]},
			"faces": {
				"north": {"uv": [0, 0, 3, 5], "texture": "#0"},
				"east": {"uv": [6, 4, 6.5, 9], "texture": "#0"},
				"south": {"uv": [3, 0, 6, 5], "texture": "#0"},
				"west": {"uv": [6.5, 4, 7, 9], "texture": "#0"},
				"up": {"uv": [10, 4.5, 7, 4], "texture": "#0"},
				"down": {"uv": [10, 4.5, 7, 5], "texture": "#0"}
			}
		},
		{
			"name": "seat",
			"from": [-9, 3, 12.2],
			"to": [-3, 5, 17.2],
			"rotation": {"angle": 0, "axis": "y", "origin": [20, 0, 11]},
			"faces": {
				"north": {"uv": [6, 0, 9, 1], "texture": "#0"},
				"east": {"uv": [6, 2, 8.5, 3], "texture": "#0"},
				"south": {"uv": [6, 1, 9, 2], "texture": "#0"},
				"west": {"uv": [6, 3, 8.5, 4], "texture": "#0"},
				"up": {"uv": [3, 7.5, 0, 5], "texture": "#0"},
				"down": {"uv": [6, 5, 3, 7.5], "texture": "#0"}
			}
		},
		{
			"name": "armrest",
			"from": [-10, 7, 14.2],
			"to": [-9, 8, 18.2],
			"rotation": {"angle": 0, "axis": "y", "origin": [0, 7.5, -2.7]},
			"faces": {
				"north": {"uv": [0.5, 7.5, 1, 8], "texture": "#0"},
				"east": {"uv": [7, 5, 9, 5.5], "texture": "#0"},
				"south": {"uv": [1, 7.5, 1.5, 8], "texture": "#0"},
				"west": {"uv": [7, 5.5, 9, 6], "texture": "#0"},
				"up": {"uv": [7.5, 8, 7, 6], "texture": "#0"},
				"down": {"uv": [0.5, 7.5, 0, 9.5], "texture": "#0"}
			}
		},
		{
			"name": "armrest",
			"from": [-3, 7, 14.2],
			"to": [-2, 8, 18.2],
			"rotation": {"angle": 0, "axis": "y", "origin": [0, 7.5, -2.7]},
			"faces": {
				"north": {"uv": [0.5, 7.5, 1, 8], "texture": "#0"},
				"east": {"uv": [7, 5, 9, 5.5], "texture": "#0"},
				"south": {"uv": [1, 7.5, 1.5, 8], "texture": "#0"},
				"west": {"uv": [7, 5.5, 9, 6], "texture": "#0"},
				"up": {"uv": [7.5, 8, 7, 6], "texture": "#0"},
				"down": {"uv": [0.5, 7.5, 0, 9.5], "texture": "#0"}
			}
		},
		{
			"name": "backrest",
			"from": [19, 5, 17.2],
			"to": [25, 15, 18.2],
			"rotation": {"angle": 0, "axis": "y", "origin": [20, 0, 11]},
			"faces": {
				"north": {"uv": [0, 0, 3, 5], "texture": "#0"},
				"east": {"uv": [6, 4, 6.5, 9], "texture": "#0"},
				"south": {"uv": [3, 0, 6, 5], "texture": "#0"},
				"west": {"uv": [6.5, 4, 7, 9], "texture": "#0"},
				"up": {"uv": [10, 4.5, 7, 4], "texture": "#0"},
				"down": {"uv": [10, 4.5, 7, 5], "texture": "#0"}
			}
		},
		{
			"name": "seat",
			"from": [19, 3, 12.2],
			"to": [25, 5, 17.2],
			"rotation": {"angle": 0, "axis": "y", "origin": [20, 0, 11]},
			"faces": {
				"north": {"uv": [6, 0, 9, 1], "texture": "#0"},
				"east": {"uv": [6, 2, 8.5, 3], "texture": "#0"},
				"south": {"uv": [6, 1, 9, 2], "texture": "#0"},
				"west": {"uv": [6, 3, 8.5, 4], "texture": "#0"},
				"up": {"uv": [3, 7.5, 0, 5], "texture": "#0"},
				"down": {"uv": [6, 5, 3, 7.5], "texture": "#0"}
			}
		},
		{
			"name": "armrest",
			"from": [18, 7, 14.2],
			"to": [19, 8, 18.2],
			"rotation": {"angle": 0, "axis": "y", "origin": [0, 7.5, -2.7]},
			"faces": {
				"north": {"uv": [0.5, 7.5, 1, 8], "texture": "#0"},
				"east": {"uv": [7, 5, 9, 5.5], "texture": "#0"},
				"south": {"uv": [1, 7.5, 1.5, 8], "texture": "#0"},
				"west": {"uv": [7, 5.5, 9, 6], "texture": "#0"},
				"up": {"uv": [7.5, 8, 7, 6], "texture": "#0"},
				"down": {"uv": [0.5, 7.5, 0, 9.5], "texture": "#0"}
			}
		},
		{
			"name": "armrest",
			"from": [25, 7, 14.2],
			"to": [26, 8, 18.2],
			"rotation": {"angle": 0, "axis": "y", "origin": [0, 7.5, -2.7]},
			"faces": {
				"north": {"uv": [0.5, 7.5, 1, 8], "texture": "#0"},
				"east": {"uv": [7, 5, 9, 5.5], "texture": "#0"},
				"south": {"uv": [1, 7.5, 1.5, 8], "texture": "#0"},
				"west": {"uv": [7, 5.5, 9, 6], "texture": "#0"},
				"up": {"uv": [7.5, 8, 7, 6], "texture": "#0"},
				"down": {"uv": [0.5, 7.5, 0, 9.5], "texture": "#0"}
			}
		},
		{
			"name": "backrest",
			"from": [12, 5, 17.2],
			"to": [18, 15, 18.2],
			"rotation": {"angle": 0, "axis": "y", "origin": [20, 0, 11]},
			"faces": {
				"north": {"uv": [0, 0, 3, 5], "texture": "#0"},
				"east": {"uv": [6, 4, 6.5, 9], "texture": "#0"},
				"south": {"uv": [3, 0, 6, 5], "texture": "#0"},
				"west": {"uv": [6.5, 4, 7, 9], "texture": "#0"},
				"up": {"uv": [10, 4.5, 7, 4], "texture": "#0"},
				"down": {"uv": [10, 4.5, 7, 5], "texture": "#0"}
			}
		},
		{
			"name": "seat",
			"from": [12, 3, 12.2],
			"to": [18, 5, 17.2],
			"rotation": {"angle": 0, "axis": "y", "origin": [20, 0, 11]},
			"faces": {
				"north": {"uv": [6, 0, 9, 1], "texture": "#0"},
				"east": {"uv": [6, 2, 8.5, 3], "texture": "#0"},
				"south": {"uv": [6, 1, 9, 2], "texture": "#0"},
				"west": {"uv": [6, 3, 8.5, 4], "texture": "#0"},
				"up": {"uv": [3, 7.5, 0, 5], "texture": "#0"},
				"down": {"uv": [6, 5, 3, 7.5], "texture": "#0"}
			}
		},
		{
			"name": "armrest",
			"from": [11, 7, 14.2],
			"to": [12, 8, 18.2],
			"rotation": {"angle": 0, "axis": "y", "origin": [0, 7.5, -2.7]},
			"faces": {
				"north": {"uv": [0.5, 7.5, 1, 8], "texture": "#0"},
				"east": {"uv": [7, 5, 9, 5.5], "texture": "#0"},
				"south": {"uv": [1, 7.5, 1.5, 8], "texture": "#0"},
				"west": {"uv": [7, 5.5, 9, 6], "texture": "#0"},
				"up": {"uv": [7.5, 8, 7, 6], "texture": "#0"},
				"down": {"uv": [0.5, 7.5, 0, 9.5], "texture": "#0"}
			}
		},
		{
			"name": "backrest",
			"from": [-2, 5, 17.2],
			"to": [4, 15, 18.2],
			"rotation": {"angle": 0, "axis": "y", "origin": [20, 0, 11]},
			"faces": {
				"north": {"uv": [0, 0, 3, 5], "texture": "#0"},
				"east": {"uv": [6, 4, 6.5, 9], "texture": "#0"},
				"south": {"uv": [3, 0, 6, 5], "texture": "#0"},
				"west": {"uv": [6.5, 4, 7, 9], "texture": "#0"},
				"up": {"uv": [10, 4.5, 7, 4], "texture": "#0"},
				"down": {"uv": [10, 4.5, 7, 5], "texture": "#0"}
			}
		},
		{
			"name": "seat",
			"from": [-2, 3, 12.2],
			"to": [4, 5, 17.2],
			"rotation": {"angle": 0, "axis": "y", "origin": [20, 0, 11]},
			"faces": {
				"north": {"uv": [6, 0, 9, 1], "texture": "#0"},
				"east": {"uv": [6, 2, 8.5, 3], "texture": "#0"},
				"south": {"uv": [6, 1, 9, 2], "texture": "#0"},
				"west": {"uv": [6, 3, 8.5, 4], "texture": "#0"},
				"up": {"uv": [3, 7.5, 0, 5], "texture": "#0"},
				"down": {"uv": [6, 5, 3, 7.5], "texture": "#0"}
			}
		},
		{
			"name": "armrest",
			"from": [4, 7, 14.2],
			"to": [5, 8, 18.2],
			"rotation": {"angle": 0, "axis": "y", "origin": [0, 7.5, -2.7]},
			"faces": {
				"north": {"uv": [0.5, 7.5, 1, 8], "texture": "#0"},
				"east": {"uv": [7, 5, 9, 5.5], "texture": "#0"},
				"south": {"uv": [1, 7.5, 1.5, 8], "texture": "#0"},
				"west": {"uv": [7, 5.5, 9, 6], "texture": "#0"},
				"up": {"uv": [7.5, 8, 7, 6], "texture": "#0"},
				"down": {"uv": [0.5, 7.5, 0, 9.5], "texture": "#0"}
			}
		},
		{
			"name": "Support",
			"from": [13, -2, 12.5],
			"to": [20, 1, 16.5],
			"faces": {
				"north": {"uv": [12, 1, 12.5, 1.5], "texture": "#0"},
				"east": {"uv": [12, 1, 12.5, 1.5], "texture": "#0"},
				"south": {"uv": [12, 1, 12.5, 1.5], "texture": "#0"},
				"west": {"uv": [12, 1, 12.5, 1.5], "texture": "#0"},
				"up": {"uv": [12, 1, 12.5, 1.5], "texture": "#0"},
				"down": {"uv": [12, 1, 12.5, 1.5], "texture": "#0"}
			}
		},
		{
			"name": "Support",
			"from": [-4, -2, 12.5],
			"to": [3, 1, 16.5],
			"faces": {
				"north": {"uv": [12, 1, 12.5, 1.5], "texture": "#0"},
				"east": {"uv": [12, 1, 12.5, 1.5], "texture": "#0"},
				"south": {"uv": [12, 1, 12.5, 1.5], "texture": "#0"},
				"west": {"uv": [12, 1, 12.5, 1.5], "texture": "#0"},
				"up": {"uv": [12, 1, 12.5, 1.5], "texture": "#0"},
				"down": {"uv": [12, 1, 12.5, 1.5], "texture": "#0"}
			}
		},
		{
			"name": "Support",
			"from": [20, -2, 13.5],
			"to": [26, 1, 15.5],
			"faces": {
				"north": {"uv": [12, 1, 12.5, 1.5], "texture": "#0"},
				"south": {"uv": [12, 1, 12.5, 1.5], "texture": "#0"},
				"west": {"uv": [12, 1, 12.5, 1.5], "texture": "#0"},
				"up": {"uv": [12, 1, 12.5, 1.5], "texture": "#0"},
				"down": {"uv": [12, 1, 12.5, 1.5], "texture": "#0"}
			}
		},
		{
			"name": "Support",
			"from": [-10, -2, 13.5],
			"to": [-4, 1, 15.5],
			"faces": {
				"north": {"uv": [12, 1, 12.5, 1.5], "texture": "#0"},
				"east": {"uv": [12, 1, 12.5, 1.5], "texture": "#0"},
				"south": {"uv": [12, 1, 12.5, 1.5], "texture": "#0"},
				"up": {"uv": [12, 1, 12.5, 1.5], "texture": "#0"},
				"down": {"uv": [12, 1, 12.5, 1.5], "texture": "#0"}
			}
		},
		{
			"name": "Support",
			"from": [0, 1, 13.5],
			"to": [2, 3, 15.5],
			"faces": {
				"north": {"uv": [12, 1, 12.5, 1.5], "texture": "#0"},
				"east": {"uv": [12, 1, 12.5, 1.5], "texture": "#0"},
				"south": {"uv": [12, 1, 12.5, 1.5], "texture": "#0"},
				"west": {"uv": [12, 1, 12.5, 1.5], "texture": "#0"},
				"up": {"uv": [12, 1, 12.5, 1.5], "texture": "#0"},
				"down": {"uv": [12, 1, 12.5, 1.5], "texture": "#0"}
			}
		},
		{
			"name": "Support",
			"from": [-7, 1, 13.5],
			"to": [-5, 3, 15.5],
			"faces": {
				"north": {"uv": [12, 1, 12.5, 1.5], "texture": "#0"},
				"east": {"uv": [12, 1, 12.5, 1.5], "texture": "#0"},
				"south": {"uv": [12, 1, 12.5, 1.5], "texture": "#0"},
				"west": {"uv": [12, 1, 12.5, 1.5], "texture": "#0"},
				"up": {"uv": [12, 1, 12.5, 1.5], "texture": "#0"},
				"down": {"uv": [12, 1, 12.5, 1.5], "texture": "#0"}
			}
		},
		{
			"name": "Support",
			"from": [14, 1, 13.5],
			"to": [16, 3, 15.5],
			"faces": {
				"north": {"uv": [12, 1, 12.5, 1.5], "texture": "#0"},
				"east": {"uv": [12, 1, 12.5, 1.5], "texture": "#0"},
				"south": {"uv": [12, 1, 12.5, 1.5], "texture": "#0"},
				"west": {"uv": [12, 1, 12.5, 1.5], "texture": "#0"},
				"up": {"uv": [12, 1, 12.5, 1.5], "texture": "#0"},
				"down": {"uv": [12, 1, 12.5, 1.5], "texture": "#0"}
			}
		},
		{
			"name": "Support",
			"from": [21, 1, 13.5],
			"to": [23, 3, 15.5],
			"faces": {
				"north": {"uv": [12, 1, 12.5, 1.5], "texture": "#0"},
				"east": {"uv": [12, 1, 12.5, 1.5], "texture": "#0"},
				"south": {"uv": [12, 1, 12.5, 1.5], "texture": "#0"},
				"west": {"uv": [12, 1, 12.5, 1.5], "texture": "#0"},
				"up": {"uv": [12, 1, 12.5, 1.5], "texture": "#0"},
				"down": {"uv": [12, 1, 12.5, 1.5], "texture": "#0"}
			}
		}
	],
	"display": {
		"gui": {
			"rotation": [25, 135, 0],
			"translation": [-2.25, -0.25, 0],
			"scale": [0.5, 0.5, 0.5]
		},
		"head": {
			"scale": [2, 2, 2]
		}
	},
	"groups": [
		{
			"name": "Seating",
			"origin": [8, 8, 8],
			"color": 0,
			"children": [
				{
					"name": "Seat",
					"origin": [8, 8, 8],
					"color": 0,
					"children": [0, 1, 2, 3]
				},
				{
					"name": "Seat",
					"origin": [8, 8, 8],
					"color": 0,
					"children": [4, 5, 6, 7]
				},
				{
					"name": "Seat",
					"origin": [8, 8, 8],
					"color": 0,
					"children": [8, 9, 10]
				},
				{
					"name": "Seat",
					"origin": [8, 8, 8],
					"color": 0,
					"children": [11, 12, 13]
				},
				{
					"name": "Supports",
					"origin": [0, 0, 0],
					"color": 0,
					"children": [14, 15, 16, 17, 18, 19, 20, 21]
				}
			]
		}
	]
}