{
	"parent": "item/handheld",
	"textures": {
		"layer0": "item/gold_pickaxe"
	},
	"overrides": [
		{"predicate": {"damage": 0}, "model": "item/golden_pickaxe"},
		{"predicate": {"damaged": 0, "damage": 0.9696969696969697, "custom_model_data":1000}, "model": "item/amalon/tc/c158/front"},
		{"predicate": {"damaged": 0, "damage": 0.9696969696969697, "custom_model_data":1001}, "model": "item/amalon/tc/c158/body1"},
		{"predicate": {"damaged": 0, "damage": 0.9696969696969697, "custom_model_data":1002}, "model": "item/amalon/tc/c158/body2"},
		{"predicate": {"damaged": 0, "damage": 0.9696969696969697, "custom_model_data":1003}, "model": "item/amalon/tc/c158/body3"},
		{"predicate": {"damaged": 0, "damage": 0.9696969696969697, "custom_model_data":1004}, "model": "item/amalon/tc/c158/body4"},
		{"predicate": {"damaged": 0, "damage": 0.9696969696969697, "custom_model_data":1005}, "model": "item/amalon/tc/c158/body5"},
		{"predicate": {"damaged": 0, "damage": 0.9696969696969697, "custom_model_data":1006}, "model": "item/amalon/tc/c158/back"},
		{"predicate": {"damaged": 0, "damage": 0.9696969696969697, "custom_model_data":1010}, "model": "item/amalon/tc/c158/door_left"},
		{"predicate": {"damaged": 0, "damage": 0.9696969696969697, "custom_model_data":1011}, "model": "item/amalon/tc/c158/door_right"},
		{"predicate": {"damaged": 0, "damage": 0.9696969696969697, "custom_model_data":1020}, "model": "item/amalon/tc/c158/interior_tables"},
		{"predicate": {"damaged": 0, "damage": 0.9696969696969697, "custom_model_data":1030}, "model": "item/amalon/tc/c158/bogie"},
		{"predicate": {"damaged": 0, "damage": 0.9696969696969697, "custom_model_data":1100}, "model": "item/amalon/tc/c158/gw/front"},
		{"predicate": {"damaged": 0, "damage": 0.9696969696969697, "custom_model_data":1101}, "model": "item/amalon/tc/c158/gw/body1"},
		{"predicate": {"damaged": 0, "damage": 0.9696969696969697, "custom_model_data":1102}, "model": "item/amalon/tc/c158/gw/body2"},
		{"predicate": {"damaged": 0, "damage": 0.9696969696969697, "custom_model_data":1103}, "model": "item/amalon/tc/c158/gw/body3"},
		{"predicate": {"damaged": 0, "damage": 0.9696969696969697, "custom_model_data":1104}, "model": "item/amalon/tc/c158/gw/body4"},
		{"predicate": {"damaged": 0, "damage": 0.9696969696969697, "custom_model_data":1105}, "model": "item/amalon/tc/c158/gw/body5"},
		{"predicate": {"damaged": 0, "damage": 0.9696969696969697, "custom_model_data":1106}, "model": "item/amalon/tc/c158/gw/back"},
		{"predicate": {"damaged": 0, "damage": 0.9696969696969697, "custom_model_data":1110}, "model": "item/amalon/tc/c158/gw/door_left"},
		{"predicate": {"damaged": 0, "damage": 0.9696969696969697, "custom_model_data":1111}, "model": "item/amalon/tc/c158/gw/door_right"},
		{"predicate": {"damaged": 0, "damage": 0.9696969696969697, "custom_model_data":1120}, "model": "item/amalon/tc/c158/gw/interior_tables"},
		{"predicate": {"damaged": 0, "damage": 0.9696969696969697, "custom_model_data":2000}, "model": "item/amalon/tc/metro/body_front"},
		{"predicate": {"damaged": 0, "damage": 0.9696969696969697, "custom_model_data":2001}, "model": "item/amalon/tc/metro/body_2"},
		{"predicate": {"damaged": 0, "damage": 0.9696969696969697, "custom_model_data":2002}, "model": "item/amalon/tc/metro/body_3"},
		{"predicate": {"damaged": 0, "damage": 0.9696969696969697, "custom_model_data":2003}, "model": "item/amalon/tc/metro/body_back"},
		{"predicate": {"damaged": 0, "damage": 0.9696969696969697, "custom_model_data":2010}, "model": "item/amalon/tc/metro/door_left"},
		{"predicate": {"damaged": 0, "damage": 0.9696969696969697, "custom_model_data":2011}, "model": "item/amalon/tc/metro/door_right"},
		{"predicate": {"damaged": 0, "damage": 0.9696969696969697, "custom_model_data":2020}, "model": "item/amalon/tc/metro/seats_metro"},
		{"predicate": {"damaged": 0, "damage": 0.9696969696969697, "custom_model_data":2021}, "model": "item/amalon/tc/metro/seats_airline"},
		{"predicate": {"damaged": 0, "damage": 0.9696969696969697, "custom_model_data":2030}, "model": "item/amalon/tc/metro/bogie"},
		{"predicate": {"damaged": 0, "damage": 0.9696969696969697, "custom_model_data":2100}, "model": "item/amalon/tc/metro/red/body_front"},
		{"predicate": {"damaged": 0, "damage": 0.9696969696969697, "custom_model_data":2101}, "model": "item/amalon/tc/metro/red/body_2"},
		{"predicate": {"damaged": 0, "damage": 0.9696969696969697, "custom_model_data":2102}, "model": "item/amalon/tc/metro/red/body_3"},
		{"predicate": {"damaged": 0, "damage": 0.9696969696969697, "custom_model_data":2103}, "model": "item/amalon/tc/metro/red/body_back"},
		{"predicate": {"damaged": 0, "damage": 0.9696969696969697, "custom_model_data":2110}, "model": "item/amalon/tc/metro/red/door_left"},
		{"predicate": {"damaged": 0, "damage": 0.9696969696969697, "custom_model_data":2111}, "model": "item/amalon/tc/metro/red/door_right"},
		{"predicate": {"damaged": 0, "damage": 0.9696969696969697, "custom_model_data":2120}, "model": "item/amalon/tc/metro/red/seats_metro"},
		{"predicate": {"damaged": 0, "damage": 0.9696969696969697, "custom_model_data":2121}, "model": "item/amalon/tc/metro/red/seats_airline"},
		{"predicate": {"damaged": 0, "damage": 0.9696969696969697, "custom_model_data":2200}, "model": "item/amalon/tc/metro/yel/body_front"},
		{"predicate": {"damaged": 0, "damage": 0.9696969696969697, "custom_model_data":2201}, "model": "item/amalon/tc/metro/yel/body_2"},
		{"predicate": {"damaged": 0, "damage": 0.9696969696969697, "custom_model_data":2202}, "model": "item/amalon/tc/metro/yel/body_3"},
		{"predicate": {"damaged": 0, "damage": 0.9696969696969697, "custom_model_data":2203}, "model": "item/amalon/tc/metro/yel/body_back"},
		{"predicate": {"damaged": 0, "damage": 0.9696969696969697, "custom_model_data":2210}, "model": "item/amalon/tc/metro/yel/door_left"},
		{"predicate": {"damaged": 0, "damage": 0.9696969696969697, "custom_model_data":2211}, "model": "item/amalon/tc/metro/yel/door_right"},
		{"predicate": {"damaged": 0, "damage": 0.9696969696969697, "custom_model_data":2220}, "model": "item/amalon/tc/metro/yel/seats_metro"},
		{"predicate": {"damaged": 0, "damage": 0.9696969696969697, "custom_model_data":2221}, "model": "item/amalon/tc/metro/yel/seats_airline"},
		{"predicate": {"damaged": 0, "damage": 0.9696969696969697, "custom_model_data":3000}, "model": "item/amalon/tc/a4/body1"},
		{"predicate": {"damaged": 0, "damage": 0.9696969696969697, "custom_model_data":3001}, "model": "item/amalon/tc/a4/body2"},
		{"predicate": {"damaged": 0, "damage": 0.9696969696969697, "custom_model_data":3002}, "model": "item/amalon/tc/a4/body3"},
		{"predicate": {"damaged": 0, "damage": 0.9696969696969697, "custom_model_data":3003}, "model": "item/amalon/tc/a4/body4"},
		{"predicate": {"damaged": 0, "damage": 0.9696969696969697, "custom_model_data":3010}, "model": "item/amalon/tc/a4/tender1"},
		{"predicate": {"damaged": 0, "damage": 0.9696969696969697, "custom_model_data":3011}, "model": "item/amalon/tc/a4/tender2"},
		{"predicate": {"damaged": 0, "damage": 0.9696969696969697, "custom_model_data":3012}, "model": "item/amalon/tc/a4/tender3"},
		{"predicate": {"damaged": 0, "damage": 0.9696969696969697, "custom_model_data":3020}, "model": "item/amalon/tc/a4/wheels_lead"},
		{"predicate": {"damaged": 0, "damage": 0.9696969696969697, "custom_model_data":3021}, "model": "item/amalon/tc/a4/wheels_pow"},
		{"predicate": {"damaged": 0, "damage": 0.9696969696969697, "custom_model_data":3022}, "model": "item/amalon/tc/a4/wheels_drive"},
		{"predicate": {"damaged": 0, "damage": 0.9696969696969697, "custom_model_data":3023}, "model": "item/amalon/tc/a4/wheels_trail"},
		{"predicate": {"damaged": 0, "damage": 0.9696969696969697, "custom_model_data":3024}, "model": "item/amalon/tc/a4/wheels_tender"},
		{"predicate": {"damaged": 0, "damage": 0.9696969696969697, "custom_model_data":3030}, "model": "item/amalon/tc/a4/coupling_rod"},
		{"predicate": {"damaged": 0, "damage": 0.9696969696969697, "custom_model_data":3031}, "model": "item/amalon/tc/a4/connecting_rod"},
		{"predicate": {"damaged": 0, "damage": 0.9696969696969697, "custom_model_data":3032}, "model": "item/amalon/tc/a4/piston_rod"},
		{"predicate": {"damaged": 0, "damage": 0.9696969696969697, "custom_model_data":3033}, "model": "item/amalon/tc/a4/eccentric_rod"},
		{"predicate": {"damaged": 0, "damage": 0.9696969696969697, "custom_model_data":3034}, "model": "item/amalon/tc/a4/expansion_link"},
		{"predicate": {"damaged": 0, "damage": 0.9696969696969697, "custom_model_data":3035}, "model": "item/amalon/tc/a4/extension_rod"},
		{"predicate": {"damaged": 0, "damage": 0.9696969696969697, "custom_model_data":3036}, "model": "item/amalon/tc/a4/valve_rod"},
		{"predicate": {"damaged": 0, "damage": 0.9696969696969697, "custom_model_data":3037}, "model": "item/amalon/tc/a4/combi_lever"},
		{"predicate": {"damaged": 0, "damage": 0.9696969696969697, "custom_model_data":3040}, "model": "item/amalon/tc/a4/leader"},
		{"predicate": {"damaged": 0, "damage": 0.9696969696969697, "custom_model_data":3041}, "model": "item/amalon/tc/a4/trailer"},
		{"predicate": {"damaged": 1}, "model": "item/golden_pickaxe"}
	]
}
