{
	"credit": "Made with Blockbench",
	"texture_size": [256, 256],
	"textures": {
		"0": "item/amalon/tc/a4/skin_mallard",
		"particle": "item/amalon/tc/a4/skin_mallard"
	},
	"elements": [
		{
			"from": [-6, -9, -10],
			"to": [22, -2, -9],
			"faces": {
				"north": {"uv": [0.25, 5.5625, 2, 6], "texture": "#0"},
				"east": {"uv": [10.8125, 15.4375, 10.875, 15.875], "texture": "#0"},
				"west": {"uv": [0.0625, 12.75, 0.125, 13.1875], "texture": "#0"},
				"up": {"uv": [0.0625, 6.375, 0.125, 8.125], "rotation": 90, "texture": "#0"},
				"down": {"uv": [0.0625, 8.625, 0.125, 10.375], "rotation": 270, "texture": "#0"}
			}
		},
		{
			"from": [-7, -10, -9],
			"to": [23, -1, -8],
			"faces": {
				"north": {"uv": [0.1875, 5.5, 2.0625, 6.0625], "texture": "#0"},
				"east": {"uv": [10.75, 15.375, 10.8125, 15.9375], "texture": "#0"},
				"west": {"uv": [0.125, 12.6875, 0.1875, 13.25], "texture": "#0"},
				"up": {"uv": [0.125, 6.3125, 0.1875, 8.1875], "rotation": 90, "texture": "#0"},
				"down": {"uv": [0.125, 8.5625, 0.1875, 10.4375], "rotation": 270, "texture": "#0"}
			}
		},
		{
			"from": [-7, -10, -8],
			"to": [23, 0, -6],
			"faces": {
				"north": {"uv": [0.1875, 5.4375, 2.0625, 6.0625], "texture": "#0"},
				"east": {"uv": [10.625, 15.3125, 10.75, 15.9375], "texture": "#0"},
				"west": {"uv": [0.1875, 12.625, 0.3125, 13.25], "texture": "#0"},
				"up": {"uv": [0.1875, 6.3125, 0.3125, 8.1875], "rotation": 90, "texture": "#0"},
				"down": {"uv": [0.1875, 8.5625, 0.3125, 10.4375], "rotation": 270, "texture": "#0"}
			}
		},
		{
			"from": [-8, -9, -6],
			"to": [24, 1, -2],
			"faces": {
				"north": {"uv": [0.125, 5.375, 2.125, 6], "texture": "#0"},
				"east": {"uv": [10.375, 15.25, 10.625, 15.875], "texture": "#0"},
				"west": {"uv": [0.3125, 12.5625, 0.5625, 13.1875], "texture": "#0"},
				"up": {"uv": [0.3125, 6.25, 0.5625, 8.25], "rotation": 90, "texture": "#0"},
				"down": {"uv": [0.3125, 8.5, 0.5625, 10.5], "rotation": 270, "texture": "#0"}
			}
		},
		{
			"from": [-7, -10, -6],
			"to": [23, -9, -2],
			"faces": {
				"north": {"uv": [0.1875, 6, 2.0625, 6.0625], "texture": "#0"},
				"east": {"uv": [10.375, 15.875, 10.625, 15.9375], "texture": "#0"},
				"west": {"uv": [0.3125, 13.1875, 0.5625, 13.25], "texture": "#0"},
				"down": {"uv": [0.3125, 8.5625, 0.5625, 10.4375], "rotation": 270, "texture": "#0"}
			}
		},
		{
			"from": [-5, -11, -6],
			"to": [21, -10, -2],
			"faces": {
				"north": {"uv": [0.3125, 6.0625, 1.9375, 6.125], "texture": "#0"},
				"east": {"uv": [10.375, 15.9375, 10.625, 16], "texture": "#0"},
				"west": {"uv": [0.3125, 13.25, 0.5625, 13.3125], "texture": "#0"},
				"down": {"uv": [0.3125, 8.6875, 0.5625, 10.3125], "rotation": 270, "texture": "#0"}
			}
		},
		{
			"from": [-9, -8, -2],
			"to": [25, 2, 6],
			"faces": {
				"north": {"uv": [0.0625, 5.3125, 2.1875, 5.9375], "texture": "#0"},
				"east": {"uv": [9.875, 15.1875, 10.375, 15.8125], "texture": "#0"},
				"west": {"uv": [0.5625, 12.5, 1.0625, 13.125], "texture": "#0"},
				"up": {"uv": [0.5625, 6.1875, 1.0625, 8.3125], "rotation": 90, "texture": "#0"},
				"down": {"uv": [0.5625, 8.4375, 1.0625, 10.5625], "rotation": 270, "texture": "#0"}
			}
		},
		{
			"from": [-8, -9, -2],
			"to": [24, -8, 6],
			"faces": {
				"north": {"uv": [0.125, 5.9375, 2.125, 6], "texture": "#0"},
				"east": {"uv": [9.875, 15.8125, 10.375, 15.875], "texture": "#0"},
				"west": {"uv": [0.5625, 13.125, 1.0625, 13.1875], "texture": "#0"},
				"down": {"uv": [0.5625, 8.5, 1.0625, 10.5], "rotation": 270, "texture": "#0"}
			}
		},
		{
			"from": [-7, -10, -2],
			"to": [23, -9, 6],
			"faces": {
				"north": {"uv": [0.1875, 6, 2.0625, 6.0625], "texture": "#0"},
				"east": {"uv": [9.875, 15.875, 10.375, 15.9375], "texture": "#0"},
				"west": {"uv": [0.5625, 13.1875, 1.0625, 13.25], "texture": "#0"},
				"down": {"uv": [0.5625, 8.5625, 1.0625, 10.4375], "rotation": 270, "texture": "#0"}
			}
		},
		{
			"from": [-6, -11, -2],
			"to": [22, -10, 6],
			"faces": {
				"north": {"uv": [0.25, 6.0625, 2, 6.125], "texture": "#0"},
				"east": {"uv": [9.875, 15.9375, 10.375, 16], "texture": "#0"},
				"west": {"uv": [0.5625, 13.25, 1.0625, 13.3125], "texture": "#0"},
				"down": {"uv": [0.5625, 8.625, 1.0625, 10.375], "rotation": 270, "texture": "#0"}
			}
		},
		{
			"from": [-10, -7, 6],
			"to": [26, 3, 14],
			"faces": {
				"north": {"uv": [0, 5.25, 2.25, 5.875], "texture": "#0"},
				"east": {"uv": [9.375, 15.125, 9.875, 15.75], "texture": "#0"},
				"west": {"uv": [1.0625, 12.4375, 1.5625, 13.0625], "texture": "#0"},
				"up": {"uv": [1.0625, 6.125, 1.5625, 8.375], "rotation": 90, "texture": "#0"},
				"down": {"uv": [1.0625, 8.375, 1.5625, 10.625], "rotation": 270, "texture": "#0"}
			}
		},
		{
			"from": [-9, -9, 6],
			"to": [25, -7, 32],
			"faces": {
				"north": {"uv": [0.0625, 5.875, 2.1875, 6], "texture": "#0"},
				"east": {"uv": [8.25, 15.75, 9.875, 15.875], "texture": "#0"},
				"west": {"uv": [1.0625, 13.0625, 2.6875, 13.1875], "texture": "#0"},
				"down": {"uv": [1.0625, 8.4375, 2.6875, 10.5625], "rotation": 270, "texture": "#0"}
			}
		},
		{
			"from": [-8, -10, 6],
			"to": [24, -9, 32],
			"faces": {
				"north": {"uv": [0.125, 6, 2.125, 6.0625], "texture": "#0"},
				"east": {"uv": [8.25, 15.875, 9.875, 15.9375], "texture": "#0"},
				"west": {"uv": [1.0625, 13.1875, 2.6875, 13.25], "texture": "#0"},
				"down": {"uv": [1.0625, 8.5, 2.6875, 10.5], "rotation": 270, "texture": "#0"}
			}
		},
		{
			"from": [-7, -11, 6],
			"to": [23, -10, 32],
			"faces": {
				"north": {"uv": [0.1875, 6.0625, 2.0625, 6.125], "texture": "#0"},
				"east": {"uv": [8.25, 15.9375, 9.875, 16], "texture": "#0"},
				"west": {"uv": [1.0625, 13.25, 2.6875, 13.3125], "texture": "#0"},
				"down": {"uv": [1.0625, 8.5625, 2.6875, 10.4375], "rotation": 270, "texture": "#0"}
			}
		},
		{
			"from": [-10, -7, 14],
			"to": [26, 4, 23],
			"faces": {
				"north": {"uv": [0, 5.1875, 2.25, 5.875], "texture": "#0"},
				"east": {"uv": [8.8125, 15.0625, 9.375, 15.75], "texture": "#0"},
				"west": {"uv": [1.5625, 12.375, 2.125, 13.0625], "texture": "#0"},
				"up": {"uv": [1.5625, 6.125, 2.125, 8.375], "rotation": 90, "texture": "#0"},
				"down": {"uv": [1.5625, 8.375, 2.125, 10.625], "rotation": 270, "texture": "#0"}
			}
		},
		{
			"from": [-10, -7, 23],
			"to": [26, 5, 32],
			"faces": {
				"north": {"uv": [0, 5.125, 2.25, 5.875], "texture": "#0"},
				"east": {"uv": [8.25, 15, 8.8125, 15.75], "texture": "#0"},
				"south": {"uv": [4.5, 5.125, 6.75, 5.875], "texture": "#0"},
				"west": {"uv": [2.125, 12.3125, 2.6875, 13.0625], "texture": "#0"},
				"up": {"uv": [2.125, 6.125, 2.6875, 8.375], "rotation": 90, "texture": "#0"},
				"down": {"uv": [2.125, 8.375, 2.6875, 10.625], "rotation": 270, "texture": "#0"}
			}
		},
		{
			"from": [0, -8, -11],
			"to": [16, -1, -9],
			"faces": {
				"north": {"uv": [6.1875, 0, 8.1875, 0.875], "texture": "#0"},
				"east": {"uv": [10.8125, 15.375, 10.9375, 15.8125], "texture": "#0"},
				"west": {"uv": [0, 12.6875, 0.125, 13.125], "texture": "#0"},
				"up": {"uv": [0, 6.75, 0.125, 7.75], "rotation": 90, "texture": "#0"},
				"down": {"uv": [0, 9, 0.125, 10], "rotation": 270, "texture": "#0"}
			}
		},
		{
			"from": [-1, -1, -9],
			"to": [17, 3, -8],
			"faces": {
				"north": {"uv": [0.5625, 5.25, 1.6875, 5.5], "texture": "#0"},
				"east": {"uv": [10.75, 15.125, 10.8125, 15.375], "texture": "#0"},
				"west": {"uv": [0.125, 12.4375, 0.1875, 12.6875], "texture": "#0"},
				"up": {"uv": [0.125, 6.6875, 0.1875, 7.8125], "rotation": 90, "texture": "#0"}
			}
		},
		{
			"from": [-1, 0, -8],
			"to": [17, 5, -7],
			"faces": {
				"north": {"uv": [0.5625, 5.125, 1.6875, 5.4375], "texture": "#0"},
				"east": {"uv": [10.6875, 15, 10.75, 15.3125], "texture": "#0"},
				"west": {"uv": [0.1875, 12.3125, 0.25, 12.625], "texture": "#0"},
				"up": {"uv": [0.1875, 6.6875, 0.25, 7.8125], "rotation": 90, "texture": "#0"}
			}
		},
		{
			"from": [-2, 0, -7],
			"to": [18, 7, -6],
			"faces": {
				"north": {"uv": [0.5, 5, 1.75, 5.4375], "texture": "#0"},
				"east": {"uv": [10.625, 14.875, 10.6875, 15.3125], "texture": "#0"},
				"west": {"uv": [0.25, 12.1875, 0.3125, 12.625], "texture": "#0"},
				"up": {"uv": [0.25, 6.625, 0.3125, 7.875], "rotation": 90, "texture": "#0"}
			}
		},
		{
			"from": [-2, 1, -6],
			"to": [18, 8, -5],
			"faces": {
				"north": {"uv": [0.5, 4.9375, 1.75, 5.375], "texture": "#0"},
				"east": {"uv": [10.5625, 14.8125, 10.625, 15.25], "texture": "#0"},
				"west": {"uv": [0.3125, 12.125, 0.375, 12.5625], "texture": "#0"},
				"up": {"uv": [0.3125, 6.625, 0.375, 7.875], "rotation": 90, "texture": "#0"}
			}
		},
		{
			"from": [-3, 1, -5],
			"to": [19, 9, -4],
			"faces": {
				"north": {"uv": [0.4375, 4.875, 1.8125, 5.375], "texture": "#0"},
				"east": {"uv": [10.5, 14.75, 10.5625, 15.25], "texture": "#0"},
				"west": {"uv": [0.375, 12.0625, 0.4375, 12.5625], "texture": "#0"},
				"up": {"uv": [0.375, 6.5625, 0.4375, 7.9375], "rotation": 90, "texture": "#0"}
			}
		},
		{
			"from": [-3, 1, -4],
			"to": [19, 11, -2],
			"faces": {
				"north": {"uv": [0.4375, 4.75, 1.8125, 5.375], "texture": "#0"},
				"east": {"uv": [10.375, 14.625, 10.5, 15.25], "texture": "#0"},
				"west": {"uv": [0.4375, 11.9375, 0.5625, 12.5625], "texture": "#0"},
				"up": {"uv": [0.4375, 6.5625, 0.5625, 7.9375], "rotation": 90, "texture": "#0"}
			}
		},
		{
			"from": [-4, 2, -2],
			"to": [20, 13, 0],
			"faces": {
				"north": {"uv": [0.375, 4.625, 1.875, 5.3125], "texture": "#0"},
				"east": {"uv": [10.25, 14.5, 10.375, 15.1875], "texture": "#0"},
				"west": {"uv": [0.5625, 11.8125, 0.6875, 12.5], "texture": "#0"},
				"up": {"uv": [0.5625, 6.5, 0.6875, 8], "rotation": 90, "texture": "#0"}
			}
		},
		{
			"from": [-4, 2, 0],
			"to": [20, 15, 2],
			"faces": {
				"north": {"uv": [0.375, 4.5, 1.875, 5.3125], "texture": "#0"},
				"east": {"uv": [10.125, 14.375, 10.25, 15.1875], "texture": "#0"},
				"west": {"uv": [0.6875, 11.6875, 0.8125, 12.5], "texture": "#0"},
				"up": {"uv": [0.6875, 6.5, 0.8125, 8], "rotation": 90, "texture": "#0"}
			}
		},
		{
			"from": [-4, 2, 2],
			"to": [20, 17, 4],
			"faces": {
				"north": {"uv": [0.375, 4.375, 1.875, 5.3125], "texture": "#0"},
				"east": {"uv": [10, 14.25, 10.125, 15.1875], "texture": "#0"},
				"west": {"uv": [0.8125, 11.5625, 0.9375, 12.5], "texture": "#0"},
				"up": {"uv": [0.8125, 6.5, 0.9375, 8], "rotation": 90, "texture": "#0"}
			}
		},
		{
			"from": [-5, 2, 4],
			"to": [21, 18, 6],
			"faces": {
				"north": {"uv": [0.3125, 4.3125, 1.9375, 5.3125], "texture": "#0"},
				"east": {"uv": [9.875, 14.1875, 10, 15.1875], "texture": "#0"},
				"west": {"uv": [0.9375, 11.5, 1.0625, 12.5], "texture": "#0"},
				"up": {"uv": [0.9375, 6.4375, 1.0625, 8.0625], "rotation": 90, "texture": "#0"}
			}
		},
		{
			"from": [-4, 19, 6],
			"to": [20, 20, 8],
			"faces": {
				"north": {"uv": [0.375, 4.1875, 1.875, 4.25], "texture": "#0"},
				"east": {"uv": [9.75, 14.0625, 9.875, 14.125], "texture": "#0"},
				"west": {"uv": [1.0625, 11.375, 1.1875, 11.4375], "texture": "#0"},
				"up": {"uv": [1.0625, 6.5, 1.1875, 8], "rotation": 90, "texture": "#0"}
			}
		},
		{
			"from": [-4, 19, 8],
			"to": [20, 21, 10],
			"faces": {
				"north": {"uv": [0.375, 4.125, 1.875, 4.25], "texture": "#0"},
				"east": {"uv": [9.625, 14, 9.75, 14.125], "texture": "#0"},
				"west": {"uv": [1.1875, 11.3125, 1.3125, 11.4375], "texture": "#0"},
				"up": {"uv": [1.1875, 6.5, 1.3125, 8], "rotation": 90, "texture": "#0"}
			}
		},
		{
			"from": [-4, 19, 10],
			"to": [20, 22, 12],
			"faces": {
				"north": {"uv": [0.375, 4.0625, 1.875, 4.25], "texture": "#0"},
				"east": {"uv": [9.5, 13.9375, 9.625, 14.125], "texture": "#0"},
				"west": {"uv": [1.3125, 11.25, 1.4375, 11.4375], "texture": "#0"},
				"up": {"uv": [1.3125, 6.5, 1.4375, 8], "rotation": 90, "texture": "#0"}
			}
		},
		{
			"from": [-5, 3, 6],
			"to": [21, 19, 32],
			"faces": {
				"north": {"uv": [0.3125, 4.25, 1.9375, 5.25], "texture": "#0"},
				"east": {"uv": [8.25, 14.125, 9.875, 15.125], "texture": "#0"},
				"south": {"uv": [4.8125, 4.25, 6.4375, 5.25], "texture": "#0"},
				"west": {"uv": [1.0625, 11.4375, 2.6875, 12.4375], "texture": "#0"},
				"up": {"uv": [1.0625, 6.4375, 2.6875, 8.0625], "rotation": 90, "texture": "#0"}
			}
		},
		{
			"from": [-3, 23, 14],
			"to": [19, 24, 16],
			"faces": {
				"north": {"uv": [0.4375, 3.9375, 1.8125, 4], "texture": "#0"},
				"east": {"uv": [9.25, 13.8125, 9.375, 13.875], "texture": "#0"},
				"west": {"uv": [1.5625, 11.125, 1.6875, 11.1875], "texture": "#0"},
				"up": {"uv": [1.5625, 6.5625, 1.6875, 7.9375], "rotation": 90, "texture": "#0"}
			}
		},
		{
			"from": [-4, 19, 12],
			"to": [20, 23, 32],
			"faces": {
				"north": {"uv": [0.375, 4, 1.875, 4.25], "texture": "#0"},
				"east": {"uv": [8.25, 13.875, 9.5, 14.125], "texture": "#0"},
				"south": {"uv": [4.875, 4, 6.375, 4.25], "texture": "#0"},
				"west": {"uv": [1.4375, 11.1875, 2.6875, 11.4375], "texture": "#0"},
				"up": {"uv": [1.4375, 6.5, 2.6875, 8], "rotation": 90, "texture": "#0"}
			}
		},
		{
			"from": [-3, 23, 16],
			"to": [19, 25, 32],
			"faces": {
				"north": {"uv": [0.4375, 3.875, 1.8125, 4], "texture": "#0"},
				"east": {"uv": [8.25, 13.75, 9.25, 13.875], "texture": "#0"},
				"south": {"uv": [4.9375, 3.875, 6.3125, 4], "texture": "#0"},
				"west": {"uv": [1.6875, 11.0625, 2.6875, 11.1875], "texture": "#0"},
				"up": {"uv": [1.6875, 6.5625, 2.6875, 7.9375], "rotation": 90, "texture": "#0"}
			}
		},
		{
			"from": [-2, 25, 18],
			"to": [18, 26, 32],
			"faces": {
				"north": {"uv": [0.5, 3.8125, 1.75, 3.875], "texture": "#0"},
				"east": {"uv": [8.25, 13.6875, 9.125, 13.75], "texture": "#0"},
				"south": {"uv": [5, 3.8125, 6.25, 3.875], "texture": "#0"},
				"west": {"uv": [1.8125, 11, 2.6875, 11.0625], "texture": "#0"},
				"up": {"uv": [1.8125, 6.625, 2.6875, 7.875], "rotation": 90, "texture": "#0"}
			}
		},
		{
			"from": [0, 26, 21],
			"to": [16, 27, 32],
			"faces": {
				"north": {"uv": [0.625, 3.75, 1.625, 3.8125], "texture": "#0"},
				"east": {"uv": [8.25, 13.625, 8.9375, 13.6875], "texture": "#0"},
				"south": {"uv": [5.125, 3.75, 6.125, 3.8125], "texture": "#0"},
				"west": {"uv": [2, 10.9375, 2.6875, 11], "texture": "#0"},
				"up": {"uv": [2, 6.75, 2.6875, 7.75], "rotation": 90, "texture": "#0"}
			}
		},
		{
			"from": [2, 27, 24],
			"to": [14, 28, 32],
			"faces": {
				"north": {"uv": [0.75, 3.6875, 1.5, 3.75], "texture": "#0"},
				"east": {"uv": [8.25, 13.5625, 8.75, 13.625], "texture": "#0"},
				"south": {"uv": [5.25, 3.6875, 6, 3.75], "texture": "#0"},
				"west": {"uv": [2.1875, 10.875, 2.6875, 10.9375], "texture": "#0"},
				"up": {"uv": [2.1875, 6.875, 2.6875, 7.625], "rotation": 90, "texture": "#0"}
			}
		},
		{
			"from": [4, 28, 27],
			"to": [12, 29, 32],
			"faces": {
				"north": {"uv": [0.875, 3.625, 1.375, 3.6875], "texture": "#0"},
				"east": {"uv": [8.25, 13.5, 8.5625, 13.5625], "texture": "#0"},
				"south": {"uv": [5.375, 3.625, 5.875, 3.6875], "texture": "#0"},
				"west": {"uv": [2.375, 10.8125, 2.6875, 10.875], "texture": "#0"},
				"up": {"uv": [2.375, 7, 2.6875, 7.5], "rotation": 90, "texture": "#0"}
			}
		},
		{
			"from": [5, 22, 11],
			"to": [11, 24, 12],
			"rotation": {"angle": 0, "axis": "y", "origin": [9, 0, 0]},
			"faces": {
				"north": {"uv": [0.8125, 0.5, 1.1875, 0.625], "texture": "#0"},
				"east": {"uv": [9.5, 13.8125, 9.5625, 13.9375], "texture": "#0"},
				"west": {"uv": [1.375, 11.125, 1.4375, 11.25], "texture": "#0"},
				"up": {"uv": [1.375, 7.0625, 1.4375, 7.4375], "rotation": 90, "texture": "#0"},
				"down": {"uv": [1.375, 9.3125, 1.4375, 9.6875], "rotation": 270, "texture": "#0"}
			}
		},
		{
			"from": [4, 23, 12],
			"to": [12, 25, 16],
			"rotation": {"angle": 0, "axis": "y", "origin": [9, 0, 0]},
			"faces": {
				"north": {"uv": [0.75, 0.4375, 1.25, 0.5625], "texture": "#0"},
				"east": {"uv": [9.25, 13.75, 9.5, 13.875], "texture": "#0"},
				"west": {"uv": [1.4375, 11.0625, 1.6875, 11.1875], "texture": "#0"},
				"up": {"uv": [1.4375, 7, 1.6875, 7.5], "rotation": 90, "texture": "#0"},
				"down": {"uv": [1.4375, 9.25, 1.6875, 9.75], "rotation": 270, "texture": "#0"}
			}
		},
		{
			"from": [6, 23, 13],
			"to": [10, 32, 14],
			"rotation": {"angle": 0, "axis": "y", "origin": [9, 0, 0]},
			"faces": {
				"north": {"uv": [0.875, 0, 1.125, 0.5625], "texture": "#0"},
				"east": {"uv": [9.375, 13.3125, 9.4375, 13.875], "texture": "#0"},
				"south": {"uv": [1.3125, 0, 1.5625, 0.5625], "texture": "#0"},
				"west": {"uv": [1.5, 10.625, 1.5625, 11.1875], "texture": "#0"},
				"up": {"uv": [1.5, 7.125, 1.5625, 7.375], "rotation": 90, "texture": "#0"},
				"down": {"uv": [1.5, 9.375, 1.5625, 9.625], "rotation": 270, "texture": "#0"}
			}
		},
		{
			"from": [5, 24, 14],
			"to": [11, 32, 24],
			"rotation": {"angle": 0, "axis": "y", "origin": [9, 0, 0]},
			"faces": {
				"north": {"uv": [0.8125, 0, 1.1875, 0.5], "texture": "#0"},
				"east": {"uv": [8.75, 13.3125, 9.375, 13.8125], "texture": "#0"},
				"south": {"uv": [1.25, 0, 1.625, 0.5], "texture": "#0"},
				"west": {"uv": [1.5625, 10.625, 2.1875, 11.125], "texture": "#0"},
				"up": {"uv": [1.5625, 7.0625, 2.1875, 7.4375], "rotation": 90, "texture": "#0"},
				"down": {"uv": [1.5625, 9.3125, 2.1875, 9.6875], "rotation": 270, "texture": "#0"}
			}
		},
		{
			"from": [4, 25, 16],
			"to": [12, 27, 21],
			"rotation": {"angle": 0, "axis": "y", "origin": [9, 0, 0]},
			"faces": {
				"north": {"uv": [0.75, 0.3125, 1.25, 0.4375], "texture": "#0"},
				"east": {"uv": [8.9375, 13.625, 9.25, 13.75], "texture": "#0"},
				"west": {"uv": [1.6875, 10.9375, 2, 11.0625], "texture": "#0"},
				"up": {"uv": [1.8125, 7, 2.125, 7.5], "rotation": 90, "texture": "#0"},
				"down": {"uv": [1.6875, 9.25, 2, 9.75], "rotation": 270, "texture": "#0"}
			}
		},
		{
			"from": [5, 28, 24],
			"to": [11, 31, 28],
			"rotation": {"angle": 0, "axis": "y", "origin": [9, 30, 32]},
			"faces": {
				"north": {"uv": [0.8125, 0.0625, 1.1875, 0.25], "texture": "#0"},
				"east": {"uv": [8.5, 13.375, 8.75, 13.5625], "texture": "#0"},
				"south": {"uv": [1.25, 0.0625, 1.625, 0.25], "texture": "#0"},
				"west": {"uv": [2.1875, 10.6875, 2.4375, 10.875], "texture": "#0"},
				"up": {"uv": [2.1875, 7.0625, 2.4375, 7.4375], "rotation": 90, "texture": "#0"},
				"down": {"uv": [2.1875, 9.3125, 2.4375, 9.6875], "rotation": 270, "texture": "#0"}
			}
		},
		{
			"from": [6, 29, 28],
			"to": [10, 30, 32],
			"rotation": {"angle": 0, "axis": "y", "origin": [9, 0, 0]},
			"faces": {
				"north": {"uv": [0.875, 0.125, 1.125, 0.1875], "texture": "#0"},
				"east": {"uv": [8.25, 13.4375, 8.5, 13.5], "texture": "#0"},
				"south": {"uv": [1.3125, 0.125, 1.5625, 0.1875], "texture": "#0"},
				"west": {"uv": [2.4375, 10.75, 2.6875, 10.8125], "texture": "#0"},
				"up": {"uv": [2.4375, 7.125, 2.6875, 7.375], "rotation": 90, "texture": "#0"},
				"down": {"uv": [2.4375, 9.375, 2.6875, 9.625], "rotation": 270, "texture": "#0"}
			}
		},
		{
			"from": [7.75, 22, 10.2],
			"to": [8.25, 28, 10.7],
			"faces": {
				"north": {"uv": [0.25, 10.8125, 0.3125, 11.5625], "texture": "#0"},
				"east": {"uv": [0.0625, 10.8125, 0.125, 11.5625], "texture": "#0"},
				"south": {"uv": [0.625, 10.8125, 0.6875, 11.5625], "texture": "#0"},
				"west": {"uv": [0.4375, 10.8125, 0.5, 11.5625], "texture": "#0"},
				"up": {"uv": [0.0625, 10.6875, 0.125, 10.75], "texture": "#0"}
			}
		},
		{
			"from": [7.25, 24.5, 9.7],
			"to": [8.75, 27.5, 11.2],
			"faces": {
				"north": {"uv": [0.1875, 10.875, 0.375, 11.25], "texture": "#0"},
				"east": {"uv": [0, 10.875, 0.1875, 11.25], "texture": "#0"},
				"south": {"uv": [0.5625, 10.875, 0.75, 11.25], "texture": "#0"},
				"west": {"uv": [0.375, 10.875, 0.5625, 11.25], "texture": "#0"},
				"up": {"uv": [0, 10.625, 0.1875, 10.8125], "texture": "#0"},
				"down": {"uv": [0.1875, 10.625, 0.375, 10.8125], "texture": "#0"}
			}
		},
		{
			"name": "piston",
			"from": [-4.5, -8, -15],
			"to": [-2.5, -5, -10],
			"faces": {
				"east": {"uv": [0, 0, 0.1875, 0.3125], "rotation": 270, "texture": "#0"},
				"west": {"uv": [0.3125, 0, 0.5, 0.3125], "rotation": 90, "texture": "#0"},
				"up": {"uv": [0.1875, 0, 0.3125, 0.3125], "rotation": 180, "texture": "#0"},
				"down": {"uv": [0.5, 0, 0.625, 0.3125], "texture": "#0"}
			}
		},
		{
			"name": "face",
			"from": [-5, -9, -16],
			"to": [-2, -4, -15],
			"faces": {
				"north": {"uv": [0.125, 0.375, 0.3125, 0.6875], "texture": "#0"},
				"east": {"uv": [0, 0.375, 0.0625, 0.6875], "texture": "#0"},
				"south": {"uv": [0.5, 0.375, 0.6875, 0.6875], "texture": "#0"},
				"west": {"uv": [0.375, 0.375, 0.4375, 0.6875], "texture": "#0"},
				"up": {"uv": [0.125, 0.3125, 0.3125, 0.375], "rotation": 180, "texture": "#0"},
				"down": {"uv": [0.125, 0.6875, 0.3125, 0.75], "rotation": 180, "texture": "#0"}
			}
		},
		{
			"name": "left",
			"from": [-2, -8, -16],
			"to": [-1, -5, -15],
			"faces": {
				"north": {"uv": [0.0625, 0.4375, 0.125, 0.625], "texture": "#0"},
				"east": {"uv": [0, 0.4375, 0.0625, 0.625], "texture": "#0"},
				"south": {"uv": [0.6875, 0.4375, 0.75, 0.625], "texture": "#0"},
				"up": {"uv": [0.3125, 0.3125, 0.375, 0.375], "rotation": 90, "texture": "#0"},
				"down": {"uv": [0.3125, 0.6875, 0.375, 0.75], "texture": "#0"}
			}
		},
		{
			"name": "right",
			"from": [-6, -8, -16],
			"to": [-5, -5, -15],
			"faces": {
				"north": {"uv": [0.3125, 0.4375, 0.375, 0.625], "texture": "#0"},
				"south": {"uv": [0.4375, 0.4375, 0.5, 0.625], "texture": "#0"},
				"west": {"uv": [0.375, 0.4375, 0.4375, 0.625], "texture": "#0"},
				"up": {"uv": [0.0625, 0.3125, 0.125, 0.375], "rotation": 90, "texture": "#0"},
				"down": {"uv": [0.0625, 0.6875, 0.125, 0.75], "texture": "#0"}
			}
		},
		{
			"name": "piston",
			"from": [18.5, -8, -15],
			"to": [20.5, -5, -10],
			"rotation": {"angle": 0, "axis": "y", "origin": [16, 0, 0]},
			"faces": {
				"east": {"uv": [0.3125, 0.3125, 0.5, 0], "rotation": 90, "texture": "#0"},
				"west": {"uv": [0, 0.3125, 0.1875, 0], "rotation": 270, "texture": "#0"},
				"up": {"uv": [0.3125, 0, 0.1875, 0.3125], "rotation": 180, "texture": "#0"},
				"down": {"uv": [0.625, 0, 0.5, 0.3125], "texture": "#0"}
			}
		},
		{
			"name": "face",
			"from": [18, -9, -16],
			"to": [21, -4, -15],
			"rotation": {"angle": 0, "axis": "y", "origin": [16, 0, 0]},
			"faces": {
				"north": {"uv": [0.3125, 0.375, 0.125, 0.6875], "texture": "#0"},
				"east": {"uv": [0.4375, 0.375, 0.375, 0.6875], "texture": "#0"},
				"south": {"uv": [0.6875, 0.375, 0.5, 0.6875], "texture": "#0"},
				"west": {"uv": [0.0625, 0.375, 0, 0.6875], "texture": "#0"},
				"up": {"uv": [0.3125, 0.3125, 0.125, 0.375], "rotation": 180, "texture": "#0"},
				"down": {"uv": [0.3125, 0.6875, 0.125, 0.75], "rotation": 180, "texture": "#0"}
			}
		},
		{
			"name": "left",
			"from": [17, -8, -16],
			"to": [18, -5, -15],
			"rotation": {"angle": 0, "axis": "y", "origin": [16, 0, 0]},
			"faces": {
				"north": {"uv": [0.125, 0.4375, 0.0625, 0.625], "texture": "#0"},
				"south": {"uv": [0.75, 0.4375, 0.6875, 0.625], "texture": "#0"},
				"west": {"uv": [0.0625, 0.4375, 0, 0.625], "texture": "#0"},
				"up": {"uv": [0.3125, 0.375, 0.375, 0.3125], "rotation": 90, "texture": "#0"},
				"down": {"uv": [0.375, 0.6875, 0.3125, 0.75], "texture": "#0"}
			}
		},
		{
			"name": "right",
			"from": [21, -8, -16],
			"to": [22, -5, -15],
			"rotation": {"angle": 0, "axis": "y", "origin": [16, 0, 0]},
			"faces": {
				"north": {"uv": [0.375, 0.4375, 0.3125, 0.625], "texture": "#0"},
				"east": {"uv": [0.4375, 0.4375, 0.375, 0.625], "texture": "#0"},
				"south": {"uv": [0.5, 0.4375, 0.4375, 0.625], "texture": "#0"},
				"up": {"uv": [0.0625, 0.375, 0.125, 0.3125], "rotation": 90, "texture": "#0"},
				"down": {"uv": [0.125, 0.6875, 0.0625, 0.75], "texture": "#0"}
			}
		},
		{
			"from": [7.7, -8, -11.5],
			"to": [8.3, -6, -11],
			"rotation": {"angle": 0, "axis": "y", "origin": [0, 0, 35]},
			"faces": {
				"north": {"uv": [10.25, 2.125, 10.1875, 2.1875], "texture": "#0"},
				"east": {"uv": [10.25, 2.125, 10.1875, 2.1875], "texture": "#0"},
				"west": {"uv": [10.25, 2.125, 10.1875, 2.1875], "texture": "#0"},
				"up": {"uv": [10.1875, 2.1875, 10.25, 2.125], "texture": "#0"},
				"down": {"uv": [10.1875, 2.1875, 10.25, 2.125], "texture": "#0"}
			}
		},
		{
			"from": [7.7, -6.3, -11.8],
			"to": [8.3, -6, -11.5],
			"rotation": {"angle": 0, "axis": "y", "origin": [0, 0, 35]},
			"faces": {
				"north": {"uv": [10.25, 2.125, 10.1875, 2.1875], "texture": "#0"},
				"east": {"uv": [10.25, 2.125, 10.1875, 2.1875], "texture": "#0"},
				"west": {"uv": [10.25, 2.125, 10.1875, 2.1875], "texture": "#0"},
				"up": {"uv": [10.1875, 2.1875, 10.25, 2.125], "texture": "#0"},
				"down": {"uv": [10.1875, 2.1875, 10.25, 2.125], "texture": "#0"}
			}
		},
		{
			"from": [7.7, -8.1, -12.5],
			"to": [8.3, -7, -11.5],
			"rotation": {"angle": 0, "axis": "y", "origin": [0, 0, 35]},
			"faces": {
				"east": {"uv": [10.25, 2.125, 10.1875, 2.1875], "texture": "#0"},
				"south": {"uv": [10.25, 2.125, 10.1875, 2.1875], "texture": "#0"},
				"west": {"uv": [10.25, 2.125, 10.1875, 2.1875], "texture": "#0"},
				"up": {"uv": [10.1875, 2.1875, 10.25, 2.125], "texture": "#0"},
				"down": {"uv": [10.1875, 2.1875, 10.25, 2.125], "texture": "#0"}
			}
		},
		{
			"from": [7.7, -8.2, -13],
			"to": [8.3, -6, -12.5],
			"rotation": {"angle": 0, "axis": "y", "origin": [0, 0, 35]},
			"faces": {
				"north": {"uv": [10.25, 2.125, 10.1875, 2.1875], "texture": "#0"},
				"east": {"uv": [10.25, 2.125, 10.1875, 2.1875], "texture": "#0"},
				"south": {"uv": [10.25, 2.125, 10.1875, 2.1875], "texture": "#0"},
				"west": {"uv": [10.25, 2.125, 10.1875, 2.1875], "texture": "#0"},
				"up": {"uv": [10.1875, 2.1875, 10.25, 2.125], "texture": "#0"},
				"down": {"uv": [10.1875, 2.1875, 10.25, 2.125], "texture": "#0"}
			}
		},
		{
			"from": [7.7, -6.3, -12.5],
			"to": [8.3, -6, -12.2],
			"rotation": {"angle": 0, "axis": "y", "origin": [0, 0, 35]},
			"faces": {
				"east": {"uv": [10.25, 2.125, 10.1875, 2.1875], "texture": "#0"},
				"south": {"uv": [10.25, 2.125, 10.1875, 2.1875], "texture": "#0"},
				"west": {"uv": [10.25, 2.125, 10.1875, 2.1875], "texture": "#0"},
				"up": {"uv": [10.1875, 2.1875, 10.25, 2.125], "texture": "#0"},
				"down": {"uv": [10.1875, 2.1875, 10.25, 2.125], "texture": "#0"}
			}
		},
		{
			"from": [7.8, -6.3, -13.3],
			"to": [8.2, -6, -13],
			"rotation": {"angle": 0, "axis": "y", "origin": [0, 0, 35]},
			"faces": {
				"north": {"uv": [10.25, 2.125, 10.1875, 2.1875], "texture": "#0"},
				"east": {"uv": [10.25, 2.125, 10.1875, 2.1875], "texture": "#0"},
				"west": {"uv": [10.25, 2.125, 10.1875, 2.1875], "texture": "#0"},
				"up": {"uv": [10.1875, 2.1875, 10.25, 2.125], "texture": "#0"},
				"down": {"uv": [10.1875, 2.1875, 10.25, 2.125], "texture": "#0"}
			}
		},
		{
			"from": [7.7, -8.2, -14],
			"to": [8.3, -7, -13],
			"rotation": {"angle": 0, "axis": "y", "origin": [0, 0, 35]},
			"faces": {
				"north": {"uv": [10.25, 2.125, 10.1875, 2.1875], "texture": "#0"},
				"east": {"uv": [10.25, 2.125, 10.1875, 2.1875], "texture": "#0"},
				"west": {"uv": [10.25, 2.125, 10.1875, 2.1875], "texture": "#0"},
				"up": {"uv": [10.1875, 2.1875, 10.25, 2.125], "texture": "#0"},
				"down": {"uv": [10.1875, 2.1875, 10.25, 2.125], "texture": "#0"}
			}
		},
		{
			"from": [7.7, -8, -14.5],
			"to": [8.3, -5, -14],
			"rotation": {"angle": 0, "axis": "y", "origin": [0, 0, 35]},
			"faces": {
				"north": {"uv": [10.25, 2.125, 10.1875, 2.1875], "texture": "#0"},
				"east": {"uv": [10.25, 2.125, 10.1875, 2.1875], "texture": "#0"},
				"south": {"uv": [10.25, 2.125, 10.1875, 2.1875], "texture": "#0"},
				"west": {"uv": [10.25, 2.125, 10.1875, 2.1875], "texture": "#0"},
				"up": {"uv": [10.1875, 2.1875, 10.25, 2.125], "texture": "#0"},
				"down": {"uv": [10.1875, 2.1875, 10.25, 2.125], "texture": "#0"}
			}
		},
		{
			"from": [7.7, -5.3, -14],
			"to": [8.3, -4.8, -13.5],
			"rotation": {"angle": 0, "axis": "y", "origin": [0, 0, 35]},
			"faces": {
				"north": {"uv": [10.25, 2.125, 10.1875, 2.1875], "texture": "#0"},
				"east": {"uv": [10.25, 2.125, 10.1875, 2.1875], "texture": "#0"},
				"south": {"uv": [10.25, 2.125, 10.1875, 2.1875], "texture": "#0"},
				"west": {"uv": [10.25, 2.125, 10.1875, 2.1875], "texture": "#0"},
				"up": {"uv": [10.1875, 2.1875, 10.25, 2.125], "texture": "#0"},
				"down": {"uv": [10.1875, 2.1875, 10.25, 2.125], "texture": "#0"}
			}
		},
		{
			"from": [7.7, -7.5, -15],
			"to": [8.3, -5.5, -14.5],
			"rotation": {"angle": 0, "axis": "y", "origin": [0, 0, 35]},
			"faces": {
				"north": {"uv": [10.25, 2.125, 10.1875, 2.1875], "texture": "#0"},
				"east": {"uv": [10.25, 2.125, 10.1875, 2.1875], "texture": "#0"},
				"west": {"uv": [10.25, 2.125, 10.1875, 2.1875], "texture": "#0"},
				"up": {"uv": [10.1875, 2.1875, 10.25, 2.125], "texture": "#0"},
				"down": {"uv": [10.1875, 2.1875, 10.25, 2.125], "texture": "#0"}
			}
		},
		{
			"from": [7.5, -7, -12.4],
			"to": [8.5, -6.5, -11.9],
			"rotation": {"angle": 0, "axis": "y", "origin": [0, -6.7, -12.2]},
			"faces": {
				"north": {"uv": [10.25, 2.125, 10.1875, 2.1875], "texture": "#0"},
				"south": {"uv": [10.25, 2.125, 10.1875, 2.1875], "rotation": 180, "texture": "#0"},
				"up": {"uv": [10.1875, 2.1875, 10.25, 2.125], "rotation": 180, "texture": "#0"},
				"down": {"uv": [10.1875, 2.1875, 10.25, 2.125], "texture": "#0"}
			}
		},
		{
			"from": [4.44472, -12.36188, -12.4],
			"to": [5.44472, -11.86188, -11.9],
			"rotation": {"angle": 45, "axis": "z", "origin": [0, -6.7, -12.2]},
			"faces": {
				"north": {"uv": [10.25, 2.125, 10.1875, 2.1875], "texture": "#0"},
				"south": {"uv": [10.25, 2.125, 10.1875, 2.1875], "rotation": 180, "texture": "#0"},
				"up": {"uv": [10.1875, 2.1875, 10.25, 2.125], "rotation": 180, "texture": "#0"},
				"down": {"uv": [10.1875, 2.1875, 10.25, 2.125], "texture": "#0"}
			}
		},
		{
			"from": [5.86899, -1.04817, -12.4],
			"to": [6.86899, -0.54817, -11.9],
			"rotation": {"angle": -45, "axis": "z", "origin": [0, -6.7, -12.2]},
			"faces": {
				"north": {"uv": [10.1875, 2.125, 10.25, 2.1875], "texture": "#0"},
				"south": {"uv": [10.1875, 2.125, 10.25, 2.1875], "rotation": 180, "texture": "#0"},
				"up": {"uv": [10.25, 2.1875, 10.1875, 2.125], "rotation": 180, "texture": "#0"},
				"down": {"uv": [10.25, 2.1875, 10.1875, 2.125], "texture": "#0"}
			}
		},
		{
			"from": [6.8, -10.3, -12.4],
			"to": [7.3, -7.2, -11.9],
			"rotation": {"angle": 0, "axis": "y", "origin": [0, -6.7, -12.2]},
			"faces": {
				"north": {"uv": [10.25, 2.125, 10.1875, 2.1875], "texture": "#0"},
				"east": {"uv": [10.1875, 2.1875, 10.25, 2.125], "rotation": 270, "texture": "#0"},
				"south": {"uv": [10.25, 2.125, 10.1875, 2.1875], "rotation": 180, "texture": "#0"},
				"west": {"uv": [10.1875, 2.1875, 10.25, 2.125], "rotation": 90, "texture": "#0"}
			}
		},
		{
			"from": [8.7, -10.3, -12.4],
			"to": [9.2, -7.2, -11.9],
			"rotation": {"angle": 0, "axis": "y", "origin": [0, -6.7, -12.2]},
			"faces": {
				"north": {"uv": [10.1875, 2.125, 10.25, 2.1875], "texture": "#0"},
				"east": {"uv": [10.1875, 2.1875, 10.25, 2.125], "rotation": 270, "texture": "#0"},
				"south": {"uv": [10.1875, 2.125, 10.25, 2.1875], "rotation": 180, "texture": "#0"},
				"west": {"uv": [10.1875, 2.1875, 10.25, 2.125], "rotation": 90, "texture": "#0"}
			}
		},
		{
			"from": [6.8, -11, -12.5],
			"to": [7.3, -10.3, -11.8],
			"rotation": {"angle": 0, "axis": "y", "origin": [0, -6.7, -12.2]},
			"faces": {
				"north": {"uv": [10.25, 2.125, 10.1875, 2.1875], "texture": "#0"},
				"east": {"uv": [10.1875, 2.1875, 10.25, 2.125], "rotation": 270, "texture": "#0"},
				"south": {"uv": [10.25, 2.125, 10.1875, 2.1875], "rotation": 180, "texture": "#0"},
				"west": {"uv": [10.1875, 2.1875, 10.25, 2.125], "rotation": 90, "texture": "#0"},
				"up": {"uv": [10.1875, 2.1875, 10.25, 2.125], "rotation": 180, "texture": "#0"},
				"down": {"uv": [10.1875, 2.1875, 10.25, 2.125], "texture": "#0"}
			}
		},
		{
			"from": [6.7, -10.8, -12.3],
			"to": [9.3, -10.5, -12],
			"rotation": {"angle": 0, "axis": "y", "origin": [0, -6.7, -12.2]},
			"faces": {
				"north": {"uv": [10.25, 2.125, 10.1875, 2.1875], "texture": "#0"},
				"east": {"uv": [10.1875, 2.1875, 10.25, 2.125], "rotation": 270, "texture": "#0"},
				"south": {"uv": [10.25, 2.125, 10.1875, 2.1875], "rotation": 180, "texture": "#0"},
				"west": {"uv": [10.1875, 2.1875, 10.25, 2.125], "rotation": 90, "texture": "#0"},
				"up": {"uv": [10.1875, 2.1875, 10.25, 2.125], "rotation": 180, "texture": "#0"},
				"down": {"uv": [10.1875, 2.1875, 10.25, 2.125], "texture": "#0"}
			}
		},
		{
			"from": [8.7, -11, -12.5],
			"to": [9.2, -10.3, -11.8],
			"rotation": {"angle": 0, "axis": "y", "origin": [0, -6.7, -12.2]},
			"faces": {
				"north": {"uv": [10.25, 2.125, 10.1875, 2.1875], "texture": "#0"},
				"east": {"uv": [10.1875, 2.1875, 10.25, 2.125], "rotation": 270, "texture": "#0"},
				"south": {"uv": [10.25, 2.125, 10.1875, 2.1875], "rotation": 180, "texture": "#0"},
				"west": {"uv": [10.1875, 2.1875, 10.25, 2.125], "rotation": 90, "texture": "#0"},
				"up": {"uv": [10.1875, 2.1875, 10.25, 2.125], "rotation": 180, "texture": "#0"},
				"down": {"uv": [10.1875, 2.1875, 10.25, 2.125], "texture": "#0"}
			}
		},
		{
			"from": [7.5, -7, -14],
			"to": [8.5, -6.5, -13.5],
			"rotation": {"angle": 0, "axis": "y", "origin": [7, -6.7, -13.8]},
			"faces": {
				"north": {"uv": [10.25, 2.125, 10.1875, 2.1875], "texture": "#0"},
				"south": {"uv": [10.25, 2.125, 10.1875, 2.1875], "rotation": 180, "texture": "#0"},
				"up": {"uv": [10.1875, 2.1875, 10.25, 2.125], "rotation": 180, "texture": "#0"},
				"down": {"uv": [10.1875, 2.1875, 10.25, 2.125], "texture": "#0"}
			}
		},
		{
			"from": [6.49497, -7.41213, -14],
			"to": [7.49497, -6.91213, -13.5],
			"rotation": {"angle": 45, "axis": "z", "origin": [7, -6.7, -13.8]},
			"faces": {
				"north": {"uv": [10.25, 2.125, 10.1875, 2.1875], "texture": "#0"},
				"south": {"uv": [10.25, 2.125, 10.1875, 2.1875], "rotation": 180, "texture": "#0"},
				"up": {"uv": [10.1875, 2.1875, 10.25, 2.125], "rotation": 180, "texture": "#0"},
				"down": {"uv": [10.1875, 2.1875, 10.25, 2.125], "texture": "#0"}
			}
		},
		{
			"from": [7.91924, -5.99792, -14],
			"to": [8.91924, -5.49792, -13.5],
			"rotation": {"angle": -45, "axis": "z", "origin": [7, -6.7, -13.8]},
			"faces": {
				"north": {"uv": [10.1875, 2.125, 10.25, 2.1875], "texture": "#0"},
				"south": {"uv": [10.1875, 2.125, 10.25, 2.1875], "rotation": 180, "texture": "#0"},
				"up": {"uv": [10.25, 2.1875, 10.1875, 2.125], "rotation": 180, "texture": "#0"},
				"down": {"uv": [10.25, 2.1875, 10.1875, 2.125], "texture": "#0"}
			}
		},
		{
			"from": [6.8, -10.3, -14],
			"to": [7.3, -7.2, -13.5],
			"rotation": {"angle": 0, "axis": "y", "origin": [7, -6.7, -13.8]},
			"faces": {
				"north": {"uv": [10.25, 2.125, 10.1875, 2.1875], "texture": "#0"},
				"east": {"uv": [10.1875, 2.1875, 10.25, 2.125], "rotation": 270, "texture": "#0"},
				"south": {"uv": [10.25, 2.125, 10.1875, 2.1875], "rotation": 180, "texture": "#0"},
				"west": {"uv": [10.1875, 2.1875, 10.25, 2.125], "rotation": 90, "texture": "#0"}
			}
		},
		{
			"from": [8.7, -10.3, -14],
			"to": [9.2, -7.2, -13.5],
			"rotation": {"angle": 0, "axis": "y", "origin": [7, -6.7, -13.8]},
			"faces": {
				"north": {"uv": [10.1875, 2.125, 10.25, 2.1875], "texture": "#0"},
				"east": {"uv": [10.1875, 2.1875, 10.25, 2.125], "rotation": 270, "texture": "#0"},
				"south": {"uv": [10.1875, 2.125, 10.25, 2.1875], "rotation": 180, "texture": "#0"},
				"west": {"uv": [10.1875, 2.1875, 10.25, 2.125], "rotation": 90, "texture": "#0"}
			}
		},
		{
			"from": [6.8, -11, -14.1],
			"to": [7.3, -10.3, -13.4],
			"rotation": {"angle": 0, "axis": "y", "origin": [7, -6.7, -13.8]},
			"faces": {
				"north": {"uv": [10.25, 2.125, 10.1875, 2.1875], "texture": "#0"},
				"east": {"uv": [10.1875, 2.1875, 10.25, 2.125], "rotation": 270, "texture": "#0"},
				"south": {"uv": [10.25, 2.125, 10.1875, 2.1875], "rotation": 180, "texture": "#0"},
				"west": {"uv": [10.1875, 2.1875, 10.25, 2.125], "rotation": 90, "texture": "#0"},
				"up": {"uv": [10.1875, 2.1875, 10.25, 2.125], "rotation": 180, "texture": "#0"},
				"down": {"uv": [10.1875, 2.1875, 10.25, 2.125], "texture": "#0"}
			}
		},
		{
			"from": [6.7, -10.8, -13.9],
			"to": [9.3, -10.5, -13.6],
			"rotation": {"angle": 0, "axis": "y", "origin": [7, -6.7, -13.8]},
			"faces": {
				"north": {"uv": [10.25, 2.125, 10.1875, 2.1875], "texture": "#0"},
				"east": {"uv": [10.1875, 2.1875, 10.25, 2.125], "rotation": 270, "texture": "#0"},
				"south": {"uv": [10.25, 2.125, 10.1875, 2.1875], "rotation": 180, "texture": "#0"},
				"west": {"uv": [10.1875, 2.1875, 10.25, 2.125], "rotation": 90, "texture": "#0"},
				"up": {"uv": [10.1875, 2.1875, 10.25, 2.125], "rotation": 180, "texture": "#0"},
				"down": {"uv": [10.1875, 2.1875, 10.25, 2.125], "texture": "#0"}
			}
		},
		{
			"from": [8.7, -11, -14.1],
			"to": [9.2, -10.3, -13.4],
			"rotation": {"angle": 0, "axis": "y", "origin": [7, -6.7, -13.8]},
			"faces": {
				"north": {"uv": [10.25, 2.125, 10.1875, 2.1875], "texture": "#0"},
				"east": {"uv": [10.1875, 2.1875, 10.25, 2.125], "rotation": 270, "texture": "#0"},
				"south": {"uv": [10.25, 2.125, 10.1875, 2.1875], "rotation": 180, "texture": "#0"},
				"west": {"uv": [10.1875, 2.1875, 10.25, 2.125], "rotation": 90, "texture": "#0"},
				"up": {"uv": [10.1875, 2.1875, 10.25, 2.125], "rotation": 180, "texture": "#0"},
				"down": {"uv": [10.1875, 2.1875, 10.25, 2.125], "texture": "#0"}
			}
		},
		{
			"name": "base",
			"from": [7.4, -11.2, -12.7],
			"to": [8.6, -10.1, -11.6],
			"rotation": {"angle": 0, "axis": "y", "origin": [0, -6.7, -12.2]},
			"faces": {
				"north": {"uv": [10.25, 2.125, 10.1875, 2.1875], "texture": "#0"},
				"east": {"uv": [10.1875, 2.1875, 10.25, 2.125], "rotation": 270, "texture": "#0"},
				"south": {"uv": [10.25, 2.125, 10.1875, 2.1875], "rotation": 180, "texture": "#0"},
				"west": {"uv": [10.1875, 2.1875, 10.25, 2.125], "rotation": 90, "texture": "#0"},
				"up": {"uv": [10.1875, 2.1875, 10.25, 2.125], "rotation": 180, "texture": "#0"},
				"down": {"uv": [10.1875, 2.1875, 10.25, 2.125], "texture": "#0"}
			}
		},
		{
			"name": "antiscrew",
			"from": [7.4, -11.2, -14.3],
			"to": [8.6, -10.1, -13.2],
			"rotation": {"angle": 0, "axis": "y", "origin": [0, -6.7, -12.2]},
			"faces": {
				"north": {"uv": [10.25, 2.125, 10.1875, 2.1875], "texture": "#0"},
				"east": {"uv": [10.1875, 2.1875, 10.25, 2.125], "rotation": 270, "texture": "#0"},
				"south": {"uv": [10.25, 2.125, 10.1875, 2.1875], "rotation": 180, "texture": "#0"},
				"west": {"uv": [10.1875, 2.1875, 10.25, 2.125], "rotation": 90, "texture": "#0"},
				"up": {"uv": [10.1875, 2.1875, 10.25, 2.125], "rotation": 180, "texture": "#0"},
				"down": {"uv": [10.1875, 2.1875, 10.25, 2.125], "texture": "#0"}
			}
		},
		{
			"name": "screw",
			"from": [7.85, -10.8, -15.9],
			"to": [8.15, -10.5, -12.7],
			"rotation": {"angle": 0, "axis": "y", "origin": [7, -6.7, -13.8]},
			"faces": {
				"north": {"uv": [10.1875, 2.1875, 10.25, 2.125], "rotation": 270, "texture": "#0"},
				"east": {"uv": [10.25, 2.125, 10.1875, 2.1875], "rotation": 180, "texture": "#0"},
				"west": {"uv": [10.25, 2.125, 10.1875, 2.1875], "texture": "#0"},
				"up": {"uv": [10.25, 2.125, 10.1875, 2.1875], "rotation": 270, "texture": "#0"},
				"down": {"uv": [10.25, 2.125, 10.1875, 2.1875], "rotation": 270, "texture": "#0"}
			}
		},
		{
			"name": "center",
			"from": [7.6, -11, -13.2],
			"to": [8.4, -10.3, -12.7],
			"rotation": {"angle": 45, "axis": "z", "origin": [8, -10.65, -12.2]},
			"faces": {
				"north": {"uv": [10.25, 2.125, 10.1875, 2.1875], "texture": "#0"},
				"east": {"uv": [10.1875, 2.1875, 10.25, 2.125], "rotation": 270, "texture": "#0"},
				"south": {"uv": [10.25, 2.125, 10.1875, 2.1875], "rotation": 180, "texture": "#0"},
				"west": {"uv": [10.1875, 2.1875, 10.25, 2.125], "rotation": 90, "texture": "#0"},
				"up": {"uv": [10.1875, 2.1875, 10.25, 2.125], "rotation": 180, "texture": "#0"},
				"down": {"uv": [10.1875, 2.1875, 10.25, 2.125], "texture": "#0"}
			}
		},
		{
			"name": "crank",
			"from": [2, -10.8, -13.05],
			"to": [8.5, -10.6, -12.85],
			"rotation": {"angle": 45, "axis": "z", "origin": [8, -10.65, -12.2]},
			"faces": {
				"north": {"uv": [10.25, 2.125, 10.1875, 2.1875], "texture": "#0"},
				"south": {"uv": [10.25, 2.125, 10.1875, 2.1875], "rotation": 180, "texture": "#0"},
				"up": {"uv": [10.1875, 2.1875, 10.25, 2.125], "rotation": 180, "texture": "#0"},
				"down": {"uv": [10.1875, 2.1875, 10.25, 2.125], "texture": "#0"}
			}
		},
		{
			"name": "end",
			"from": [8.5, -10.9, -13.15],
			"to": [8.8, -10.5, -12.75],
			"rotation": {"angle": 45, "axis": "z", "origin": [8, -10.65, -12.2]},
			"faces": {
				"north": {"uv": [10.25, 2.125, 10.1875, 2.1875], "texture": "#0"},
				"east": {"uv": [10.1875, 2.1875, 10.25, 2.125], "rotation": 270, "texture": "#0"},
				"south": {"uv": [10.25, 2.125, 10.1875, 2.1875], "rotation": 180, "texture": "#0"},
				"west": {"uv": [10.1875, 2.1875, 10.25, 2.125], "rotation": 90, "texture": "#0"},
				"up": {"uv": [10.1875, 2.1875, 10.25, 2.125], "rotation": 180, "texture": "#0"},
				"down": {"uv": [10.1875, 2.1875, 10.25, 2.125], "texture": "#0"}
			}
		},
		{
			"name": "end",
			"from": [1.9, -10.85, -13.1],
			"to": [2, -10.55, -12.8],
			"rotation": {"angle": 45, "axis": "z", "origin": [8, -10.65, -12.2]},
			"faces": {
				"north": {"uv": [10.25, 2.125, 10.1875, 2.1875], "texture": "#0"},
				"east": {"uv": [10.1875, 2.1875, 10.25, 2.125], "rotation": 270, "texture": "#0"},
				"south": {"uv": [10.25, 2.125, 10.1875, 2.1875], "rotation": 180, "texture": "#0"},
				"west": {"uv": [10.1875, 2.1875, 10.25, 2.125], "rotation": 90, "texture": "#0"},
				"up": {"uv": [10.1875, 2.1875, 10.25, 2.125], "rotation": 180, "texture": "#0"},
				"down": {"uv": [10.1875, 2.1875, 10.25, 2.125], "texture": "#0"}
			}
		},
		{
			"name": "Name plates",
			"from": [-5.5, 12, 12],
			"to": [21.5, 16, 31],
			"faces": {
				"north": {"uv": [3.8125, 0.4375, 3.875, 0.9375], "texture": "#0"},
				"east": {"uv": [3.8125, 0.4375, 6.1875, 0.9375], "texture": "#0"},
				"south": {"uv": [6.125, 0.4375, 6.1875, 0.9375], "texture": "#0"},
				"west": {"uv": [3.8125, 0.4375, 6.1875, 0.9375], "texture": "#0"},
				"up": {"uv": [3.8125, 0.4375, 6.1875, 0.5], "rotation": 90, "texture": "#0"},
				"down": {"uv": [3.8125, 0.875, 6.1875, 0.9375], "rotation": 270, "texture": "#0"}
			}
		},
		{
			"from": [0, -7, -4],
			"to": [16, 4, 32],
			"faces": {
				"north": {"uv": [0, 0.75, 0.0625, 0.8125], "texture": "#0"},
				"east": {"uv": [0, 0.75, 0.0625, 0.8125], "texture": "#0"},
				"south": {"uv": [0, 0.75, 0.0625, 0.8125], "texture": "#0"},
				"west": {"uv": [0, 0.75, 0.0625, 0.8125], "texture": "#0"},
				"down": {"uv": [0, 0.75, 0.0625, 0.8125], "texture": "#0"}
			}
		},
		{
			"from": [-8.7, -8.7, 9],
			"to": [-1.7, -3.7, 24],
			"faces": {
				"north": {"uv": [13.6875, 7.875, 14.125, 8.1875], "texture": "#0"},
				"east": {"uv": [15.0625, 7.4375, 16, 7.75], "texture": "#0"},
				"south": {"uv": [13.6875, 7.4375, 14.125, 7.75], "texture": "#0"},
				"west": {"uv": [14.125, 7.875, 15.0625, 8.1875], "texture": "#0"},
				"up": {"uv": [14.125, 7.375, 15.0625, 7.8125], "rotation": 90, "texture": "#0"},
				"down": {"uv": [15.0625, 7.8125, 16, 8.25], "rotation": 270, "texture": "#0"}
			}
		},
		{
			"from": [-7.7, -9.7, 9],
			"to": [-2.7, 0.3, 24],
			"faces": {
				"north": {"uv": [13.75, 7.8125, 14.0625, 8.25], "texture": "#0"},
				"east": {"uv": [15.0625, 7.375, 16, 7.8125], "texture": "#0"},
				"south": {"uv": [13.75, 7.375, 14.0625, 7.8125], "texture": "#0"},
				"west": {"uv": [14.125, 7.8125, 15.0625, 8.25], "texture": "#0"},
				"up": {"uv": [14.125, 7.4375, 15.0625, 7.75], "rotation": 90, "texture": "#0"},
				"down": {"uv": [15.0625, 7.875, 16, 8.1875], "rotation": 270, "texture": "#0"}
			}
		},
		{
			"name": "vent front",
			"from": [-5.75, -13, 11.45],
			"to": [-4.75, -9.7, 12.45],
			"faces": {
				"north": {"uv": [13.5, 8.0625, 13.5625, 8.25], "texture": "#0"},
				"east": {"uv": [13.4375, 8.0625, 13.5, 8.25], "texture": "#0"},
				"south": {"uv": [13.625, 8.0625, 13.6875, 8.25], "texture": "#0"},
				"west": {"uv": [13.5625, 8.0625, 13.625, 8.25], "texture": "#0"},
				"down": {"uv": [13.6875, 8.1875, 13.75, 8.25], "texture": "#0"}
			}
		},
		{
			"name": "vent read",
			"from": [-5.75, -13, 20.95],
			"to": [-4.75, -9.7, 21.95],
			"faces": {
				"north": {"uv": [13.5, 8.0625, 13.5625, 8.25], "texture": "#0"},
				"east": {"uv": [13.4375, 8.0625, 13.5, 8.25], "texture": "#0"},
				"south": {"uv": [13.625, 8.0625, 13.6875, 8.25], "texture": "#0"},
				"west": {"uv": [13.5625, 8.0625, 13.625, 8.25], "texture": "#0"},
				"down": {"uv": [13.6875, 8.1875, 13.75, 8.25], "texture": "#0"}
			}
		},
		{
			"name": "cross connector",
			"from": [-4.75, -11.9, 10.95],
			"to": [-3.75, -10.9, 22.45],
			"faces": {
				"north": {"uv": [15.25, 7.3125, 15.3125, 7.375], "texture": "#0"},
				"east": {"uv": [15.3125, 7.125, 16, 7.1875], "texture": "#0"},
				"south": {"uv": [15.25, 7.25, 15.3125, 7.3125], "texture": "#0"},
				"west": {"uv": [15.3125, 7.25, 16, 7.3125], "texture": "#0"},
				"up": {"uv": [15.3125, 7.1875, 16, 7.25], "rotation": 90, "texture": "#0"},
				"down": {"uv": [15.3125, 7.3125, 16, 7.375], "rotation": 270, "texture": "#0"}
			}
		},
		{
			"from": [-1.5, -11.5, -7],
			"to": [-1, -10, -5],
			"faces": {
				"north": {"uv": [14.0625, 6.875, 14.125, 7], "texture": "#0"},
				"east": {"uv": [13.9375, 6.875, 14.0625, 7], "texture": "#0"},
				"south": {"uv": [14.25, 6.875, 14.3125, 7], "texture": "#0"},
				"west": {"uv": [14.125, 6.875, 14.25, 7], "texture": "#0"},
				"up": {"uv": [14.125, 6.8125, 14.25, 6.875], "rotation": 90, "texture": "#0"},
				"down": {"uv": [13.9375, 7, 14.0625, 7.0625], "rotation": 270, "texture": "#0"}
			}
		},
		{
			"from": [-2, -14, -7],
			"to": [-1.5, -11, -5],
			"faces": {
				"north": {"uv": [14.0625, 7.0625, 14.125, 7.25], "texture": "#0"},
				"east": {"uv": [13.9375, 7.0625, 14.0625, 7.25], "texture": "#0"},
				"south": {"uv": [14.25, 7.0625, 14.3125, 7.25], "texture": "#0"},
				"west": {"uv": [14.125, 7.0625, 14.25, 7.25], "texture": "#0"},
				"up": {"uv": [14.125, 7, 14.25, 7.0625], "rotation": 90, "texture": "#0"},
				"down": {"uv": [14, 6.8125, 14.125, 6.875], "rotation": 270, "texture": "#0"}
			}
		},
		{
			"from": [-2, -16, -7],
			"to": [-1.5, -14, -6],
			"faces": {
				"north": {"uv": [14.0625, 7.25, 14.125, 7.375], "texture": "#0"},
				"east": {"uv": [14, 7.25, 14.0625, 7.375], "texture": "#0"},
				"south": {"uv": [14.25, 7.25, 14.3125, 7.375], "texture": "#0"},
				"west": {"uv": [14.125, 7.25, 14.1875, 7.375], "texture": "#0"},
				"down": {"uv": [14, 6.8125, 14.0625, 6.875], "rotation": 270, "texture": "#0"}
			}
		},
		{
			"from": [-3.1, -15.45, -7.3],
			"to": [-2.6, -14.95, -4.5],
			"rotation": {"angle": 0, "axis": "y", "origin": [-1.1, 0.3, 0]},
			"faces": {
				"north": {"uv": [13.375, 6.125, 13.4375, 6.1875], "texture": "#0"},
				"east": {"uv": [13.4375, 6.3125, 13.625, 6.375], "rotation": 180, "texture": "#0"},
				"west": {"uv": [13.4375, 6.1875, 13.625, 6.25], "texture": "#0"},
				"up": {"uv": [13.4375, 6.125, 13.625, 6.1875], "rotation": 90, "texture": "#0"},
				"down": {"uv": [13.4375, 6.25, 13.625, 6.3125], "rotation": 270, "texture": "#0"}
			}
		},
		{
			"from": [-3.3, -15.45, -5.3],
			"to": [-2.3, -14.95, -4.8],
			"rotation": {"angle": 45, "axis": "y", "origin": [-2.1, -14.7, -4.3]},
			"faces": {
				"north": {"uv": [13.625, 6.1875, 13.6875, 6.25], "texture": "#0"},
				"south": {"uv": [13.625, 6.3125, 13.6875, 6.375], "texture": "#0"},
				"up": {"uv": [13.625, 6.125, 13.6875, 6.1875], "rotation": 90, "texture": "#0"},
				"down": {"uv": [13.625, 6.25, 13.6875, 6.3125], "rotation": 270, "texture": "#0"}
			}
		},
		{
			"from": [-5.1, -15.45, -4.3],
			"to": [-3.3, -14.95, -3.8],
			"rotation": {"angle": 0, "axis": "y", "origin": [-0.1, 0.6, 0]},
			"faces": {
				"north": {"uv": [13.6875, 6.1875, 13.8125, 6.25], "texture": "#0"},
				"south": {"uv": [13.6875, 6.3125, 13.8125, 6.375], "rotation": 180, "texture": "#0"},
				"up": {"uv": [13.6875, 6.125, 13.8125, 6.1875], "rotation": 180, "texture": "#0"},
				"down": {"uv": [13.6875, 6.25, 13.8125, 6.3125], "rotation": 180, "texture": "#0"}
			}
		},
		{
			"from": [-6.1, -15.45, -4.7],
			"to": [-5.6, -14.95, -3.3],
			"rotation": {"angle": -45, "axis": "y", "origin": [-6.1, -14.4, -3.3]},
			"faces": {
				"east": {"uv": [13.8125, 6.3125, 13.9375, 6.375], "rotation": 180, "texture": "#0"},
				"west": {"uv": [13.8125, 6.1875, 13.9375, 6.25], "texture": "#0"},
				"up": {"uv": [13.8125, 6.125, 13.9375, 6.1875], "rotation": 90, "texture": "#0"},
				"down": {"uv": [13.8125, 6.25, 13.9375, 6.3125], "rotation": 270, "texture": "#0"}
			}
		},
		{
			"from": [-6.1, -15.45, -3.3],
			"to": [-5.6, -14.95, 12.7],
			"rotation": {"angle": 0, "axis": "y", "origin": [-0.1, 0.6, 0]},
			"faces": {
				"east": {"uv": [13.9375, 6.3125, 14.9375, 6.375], "rotation": 180, "texture": "#0"},
				"west": {"uv": [13.9375, 6.1875, 14.9375, 6.25], "texture": "#0"},
				"up": {"uv": [13.9375, 6.125, 14.9375, 6.1875], "rotation": 90, "texture": "#0"},
				"down": {"uv": [13.9375, 6.25, 14.9375, 6.3125], "rotation": 270, "texture": "#0"}
			}
		},
		{
			"from": [-6.1, -14.9, 13.5],
			"to": [8.4, -14.4, 14],
			"rotation": {"angle": -45, "axis": "y", "origin": [-6.1, -14.9, 14]},
			"faces": {
				"north": {"uv": [15.0625, 6.3125, 16, 6.375], "rotation": 180, "texture": "#0"},
				"south": {"uv": [15.0625, 6.1875, 16, 6.25], "texture": "#0"},
				"west": {"uv": [15.0625, 6.1875, 15.125, 6.25], "texture": "#0"},
				"up": {"uv": [15.0625, 6.125, 16, 6.1875], "texture": "#0"},
				"down": {"uv": [15.0625, 6.25, 16, 6.3125], "texture": "#0"}
			}
		},
		{
			"from": [-6.1, -15.45, 12.7],
			"to": [-5.6, -14.95, 14.1],
			"rotation": {"angle": -22.5, "axis": "x", "origin": [-6.1, -15.45, 12.7]},
			"faces": {
				"east": {"uv": [14.9375, 6.3125, 15.0625, 6.375], "rotation": 180, "texture": "#0"},
				"south": {"uv": [15, 6.1875, 15.0625, 6.25], "texture": "#0"},
				"west": {"uv": [14.9375, 6.1875, 15.0625, 6.25], "texture": "#0"},
				"up": {"uv": [14.9375, 6.125, 15.0625, 6.1875], "rotation": 90, "texture": "#0"},
				"down": {"uv": [14.9375, 6.25, 15.0625, 6.3125], "rotation": 270, "texture": "#0"}
			}
		},
		{
			"from": [-2.5, -15.1, -7.3],
			"to": [-2, -14.6, -4.3],
			"rotation": {"angle": 0, "axis": "y", "origin": [-1, 0.4, 0]},
			"faces": {
				"north": {"uv": [14.1875, 6.625, 14.25, 6.6875], "texture": "#0"},
				"east": {"uv": [14.25, 6.8125, 14.4375, 6.875], "rotation": 180, "texture": "#0"},
				"west": {"uv": [14.25, 6.6875, 14.4375, 6.75], "texture": "#0"},
				"up": {"uv": [14.25, 6.625, 14.4375, 6.6875], "rotation": 90, "texture": "#0"},
				"down": {"uv": [14.25, 6.75, 14.4375, 6.8125], "rotation": 270, "texture": "#0"}
			}
		},
		{
			"from": [-3.4, -15.1, -4.8],
			"to": [-2, -14.6, -4.3],
			"rotation": {"angle": 45, "axis": "y", "origin": [-2, -14.6, -4.3]},
			"faces": {
				"north": {"uv": [14.4375, 6.6875, 14.5625, 6.75], "texture": "#0"},
				"south": {"uv": [14.4375, 6.8125, 14.5625, 6.875], "rotation": 180, "texture": "#0"},
				"up": {"uv": [14.4375, 6.625, 14.5625, 6.6875], "rotation": 180, "texture": "#0"},
				"down": {"uv": [14.4375, 6.75, 14.5625, 6.8125], "rotation": 180, "texture": "#0"}
			}
		},
		{
			"from": [-4.8, -15.1, -3.8],
			"to": [-3, -14.6, -3.3],
			"rotation": {"angle": 0, "axis": "y", "origin": [0, 0.4, 0]},
			"faces": {
				"north": {"uv": [14.5625, 6.6875, 14.6875, 6.75], "texture": "#0"},
				"south": {"uv": [14.5625, 6.8125, 14.6875, 6.875], "rotation": 180, "texture": "#0"},
				"up": {"uv": [14.5625, 6.625, 14.6875, 6.6875], "rotation": 180, "texture": "#0"},
				"down": {"uv": [14.5625, 6.75, 14.6875, 6.8125], "rotation": 180, "texture": "#0"}
			}
		},
		{
			"from": [-5.5, -15.1, -4.5],
			"to": [-5, -14.6, -3.5],
			"rotation": {"angle": -45, "axis": "y", "origin": [-6, -14.6, -3.3]},
			"faces": {
				"east": {"uv": [14.6875, 6.8125, 14.8125, 6.875], "rotation": 180, "texture": "#0"},
				"west": {"uv": [14.6875, 6.6875, 14.8125, 6.75], "texture": "#0"},
				"up": {"uv": [14.6875, 6.625, 14.8125, 6.6875], "rotation": 90, "texture": "#0"},
				"down": {"uv": [14.6875, 6.75, 14.8125, 6.8125], "rotation": 270, "texture": "#0"}
			}
		},
		{
			"from": [-5.5, -15.1, -3.1],
			"to": [-5, -14.6, 11.5],
			"rotation": {"angle": 0, "axis": "y", "origin": [0, 0.4, 0]},
			"faces": {
				"east": {"uv": [14.8125, 6.8125, 15.75, 6.875], "rotation": 180, "texture": "#0"},
				"west": {"uv": [14.8125, 6.6875, 15.75, 6.75], "texture": "#0"},
				"up": {"uv": [14.8125, 6.625, 15.75, 6.6875], "rotation": 90, "texture": "#0"},
				"down": {"uv": [14.8125, 6.75, 15.75, 6.8125], "rotation": 270, "texture": "#0"}
			}
		},
		{
			"from": [-5.5, -15.1, 11.5],
			"to": [-5, -14.6, 12.5],
			"rotation": {"angle": -45, "axis": "x", "origin": [-5, -15.1, 11.5]},
			"faces": {
				"east": {"uv": [15.75, 6.8125, 15.875, 6.875], "rotation": 180, "texture": "#0"},
				"west": {"uv": [15.75, 6.6875, 15.875, 6.75], "texture": "#0"},
				"up": {"uv": [15.75, 6.625, 15.875, 6.6875], "rotation": 90, "texture": "#0"},
				"down": {"uv": [15.75, 6.75, 15.875, 6.8125], "rotation": 270, "texture": "#0"}
			}
		},
		{
			"from": [-5.5, -14.4, 11.7],
			"to": [-5, -13, 12.2],
			"rotation": {"angle": 0, "axis": "y", "origin": [0, 0.4, -9]},
			"faces": {
				"north": {"uv": [15.875, 6.625, 16, 6.6875], "rotation": 270, "texture": "#0"},
				"east": {"uv": [15.875, 6.8125, 16, 6.875], "rotation": 270, "texture": "#0"},
				"south": {"uv": [15.875, 6.75, 16, 6.8125], "rotation": 270, "texture": "#0"},
				"west": {"uv": [15.875, 6.6875, 16, 6.75], "rotation": 270, "texture": "#0"}
			}
		},
		{
			"from": [-2.5, -15.7, -7.3],
			"to": [-2, -15.2, -4.3],
			"rotation": {"angle": 0, "axis": "y", "origin": [-1, 0.3, 0]},
			"faces": {
				"north": {"uv": [13.625, 6.375, 13.6875, 6.4375], "texture": "#0"},
				"east": {"uv": [13.6875, 6.5625, 13.875, 6.625], "rotation": 180, "texture": "#0"},
				"west": {"uv": [13.6875, 6.4375, 13.875, 6.5], "texture": "#0"},
				"up": {"uv": [13.6875, 6.375, 13.875, 6.4375], "rotation": 90, "texture": "#0"},
				"down": {"uv": [13.6875, 6.5, 13.875, 6.5625], "rotation": 270, "texture": "#0"}
			}
		},
		{
			"from": [-3.4, -15.7, -4.8],
			"to": [-2, -15.2, -4.3],
			"rotation": {"angle": 45, "axis": "y", "origin": [-2, -14.7, -4.3]},
			"faces": {
				"north": {"uv": [13.875, 6.4375, 14, 6.5], "texture": "#0"},
				"south": {"uv": [13.875, 6.5625, 14, 6.625], "rotation": 180, "texture": "#0"},
				"up": {"uv": [13.875, 6.375, 14, 6.4375], "rotation": 180, "texture": "#0"},
				"down": {"uv": [13.875, 6.5, 14, 6.5625], "rotation": 180, "texture": "#0"}
			}
		},
		{
			"from": [-4.8, -15.7, -3.8],
			"to": [-3, -15.2, -3.3],
			"rotation": {"angle": 0, "axis": "y", "origin": [0, 0.3, 0]},
			"faces": {
				"north": {"uv": [14, 6.4375, 14.125, 6.5], "texture": "#0"},
				"south": {"uv": [14, 6.5625, 14.125, 6.625], "rotation": 180, "texture": "#0"},
				"up": {"uv": [14, 6.375, 14.125, 6.4375], "rotation": 180, "texture": "#0"},
				"down": {"uv": [14, 6.5, 14.125, 6.5625], "rotation": 180, "texture": "#0"}
			}
		},
		{
			"from": [-5.5, -15.7, -4.5],
			"to": [-5, -15.2, -3.5],
			"rotation": {"angle": -45, "axis": "y", "origin": [-6, -14.7, -3.3]},
			"faces": {
				"east": {"uv": [14.125, 6.5625, 14.25, 6.625], "rotation": 180, "texture": "#0"},
				"west": {"uv": [14.125, 6.4375, 14.25, 6.5], "texture": "#0"},
				"up": {"uv": [14.125, 6.375, 14.25, 6.4375], "rotation": 90, "texture": "#0"},
				"down": {"uv": [14.125, 6.5, 14.25, 6.5625], "rotation": 270, "texture": "#0"}
			}
		},
		{
			"from": [-5.5, -15.7, -3.1],
			"to": [-5, -15.2, 20.7],
			"rotation": {"angle": 0, "axis": "y", "origin": [0, 0.3, 0]},
			"faces": {
				"east": {"uv": [14.25, 6.5625, 15.75, 6.625], "rotation": 180, "texture": "#0"},
				"west": {"uv": [14.25, 6.4375, 15.75, 6.5], "texture": "#0"},
				"up": {"uv": [14.25, 6.375, 15.75, 6.4375], "rotation": 90, "texture": "#0"},
				"down": {"uv": [14.25, 6.5, 15.75, 6.5625], "rotation": 270, "texture": "#0"}
			}
		},
		{
			"from": [-5.5, -15.7, 20.7],
			"to": [-5, -15.2, 22.1],
			"rotation": {"angle": -45, "axis": "x", "origin": [-6, -15.7, 20.7]},
			"faces": {
				"east": {"uv": [15.75, 6.5625, 15.875, 6.625], "rotation": 180, "texture": "#0"},
				"west": {"uv": [15.75, 6.4375, 15.875, 6.5], "texture": "#0"},
				"up": {"uv": [15.75, 6.375, 15.875, 6.4375], "rotation": 90, "texture": "#0"},
				"down": {"uv": [15.75, 6.5, 15.875, 6.5625], "rotation": 270, "texture": "#0"}
			}
		},
		{
			"from": [-5.5, -14.7, 21.2],
			"to": [-5, -13, 21.7],
			"rotation": {"angle": 0, "axis": "y", "origin": [0, 0.3, 0]},
			"faces": {
				"north": {"uv": [15.875, 6.375, 16, 6.4375], "rotation": 270, "texture": "#0"},
				"east": {"uv": [15.875, 6.5625, 16, 6.625], "rotation": 270, "texture": "#0"},
				"south": {"uv": [15.875, 6.5, 16, 6.5625], "rotation": 270, "texture": "#0"},
				"west": {"uv": [15.875, 6.4375, 16, 6.5], "rotation": 270, "texture": "#0"}
			}
		},
		{
			"from": [17.7, -8.7, 9],
			"to": [24.7, -3.7, 24],
			"rotation": {"angle": 0, "axis": "y", "origin": [16, 0, 0]},
			"faces": {
				"north": {"uv": [14.125, 7.875, 13.6875, 8.1875], "texture": "#0"},
				"east": {"uv": [15.0625, 7.875, 14.125, 8.1875], "texture": "#0"},
				"south": {"uv": [14.125, 7.4375, 13.6875, 7.75], "texture": "#0"},
				"west": {"uv": [16, 7.4375, 15.0625, 7.75], "texture": "#0"},
				"up": {"uv": [14.125, 7.8125, 15.0625, 7.375], "rotation": 90, "texture": "#0"},
				"down": {"uv": [15.0625, 8.25, 16, 7.8125], "rotation": 270, "texture": "#0"}
			}
		},
		{
			"from": [18.7, -9.7, 9],
			"to": [23.7, 0.3, 24],
			"rotation": {"angle": 0, "axis": "y", "origin": [16, 0, 0]},
			"faces": {
				"north": {"uv": [14.0625, 7.8125, 13.75, 8.25], "texture": "#0"},
				"east": {"uv": [15.0625, 7.8125, 14.125, 8.25], "texture": "#0"},
				"south": {"uv": [14.0625, 7.375, 13.75, 7.8125], "texture": "#0"},
				"west": {"uv": [16, 7.375, 15.0625, 7.8125], "texture": "#0"},
				"up": {"uv": [14.125, 7.75, 15.0625, 7.4375], "rotation": 90, "texture": "#0"},
				"down": {"uv": [15.0625, 8.1875, 16, 7.875], "rotation": 270, "texture": "#0"}
			}
		},
		{
			"name": "vent front",
			"from": [20.75, -13, 11.45],
			"to": [21.75, -9.7, 12.45],
			"rotation": {"angle": 0, "axis": "y", "origin": [16, 0, 0]},
			"faces": {
				"north": {"uv": [13.5625, 8.0625, 13.5, 8.25], "texture": "#0"},
				"east": {"uv": [13.625, 8.0625, 13.5625, 8.25], "texture": "#0"},
				"south": {"uv": [13.6875, 8.0625, 13.625, 8.25], "texture": "#0"},
				"west": {"uv": [13.5, 8.0625, 13.4375, 8.25], "texture": "#0"},
				"down": {"uv": [13.75, 8.1875, 13.6875, 8.25], "texture": "#0"}
			}
		},
		{
			"name": "vent read",
			"from": [20.75, -13, 20.95],
			"to": [21.75, -9.7, 21.95],
			"rotation": {"angle": 0, "axis": "y", "origin": [16, 0, 0]},
			"faces": {
				"north": {"uv": [13.5625, 8.0625, 13.5, 8.25], "texture": "#0"},
				"east": {"uv": [13.625, 8.0625, 13.5625, 8.25], "texture": "#0"},
				"south": {"uv": [13.6875, 8.0625, 13.625, 8.25], "texture": "#0"},
				"west": {"uv": [13.5, 8.0625, 13.4375, 8.25], "texture": "#0"},
				"down": {"uv": [13.75, 8.1875, 13.6875, 8.25], "texture": "#0"}
			}
		},
		{
			"name": "cross connector",
			"from": [19.75, -11.9, 10.95],
			"to": [20.75, -10.9, 22.45],
			"rotation": {"angle": 0, "axis": "y", "origin": [16, 0, 0]},
			"faces": {
				"north": {"uv": [15.3125, 7.3125, 15.25, 7.375], "texture": "#0"},
				"east": {"uv": [16, 7.25, 15.3125, 7.3125], "texture": "#0"},
				"south": {"uv": [15.3125, 7.25, 15.25, 7.3125], "texture": "#0"},
				"west": {"uv": [16, 7.125, 15.3125, 7.1875], "texture": "#0"},
				"up": {"uv": [15.3125, 7.25, 16, 7.1875], "rotation": 90, "texture": "#0"},
				"down": {"uv": [15.3125, 7.375, 16, 7.3125], "rotation": 270, "texture": "#0"}
			}
		},
		{
			"from": [17, -11.5, -7],
			"to": [17.5, -10, -5],
			"rotation": {"angle": 0, "axis": "y", "origin": [16, 0, 0]},
			"faces": {
				"north": {"uv": [14.125, 6.875, 14.0625, 7], "texture": "#0"},
				"east": {"uv": [14.25, 6.875, 14.125, 7], "texture": "#0"},
				"south": {"uv": [14.3125, 6.875, 14.25, 7], "texture": "#0"},
				"west": {"uv": [14.0625, 6.875, 13.9375, 7], "texture": "#0"},
				"up": {"uv": [14.125, 6.875, 14.25, 6.8125], "rotation": 90, "texture": "#0"},
				"down": {"uv": [13.9375, 7.0625, 14.0625, 7], "rotation": 270, "texture": "#0"}
			}
		},
		{
			"from": [17.5, -14, -7],
			"to": [18, -11, -5],
			"rotation": {"angle": 0, "axis": "y", "origin": [16, 0, 0]},
			"faces": {
				"north": {"uv": [14.125, 7.0625, 14.0625, 7.25], "texture": "#0"},
				"east": {"uv": [14.25, 7.0625, 14.125, 7.25], "texture": "#0"},
				"south": {"uv": [14.3125, 7.0625, 14.25, 7.25], "texture": "#0"},
				"west": {"uv": [14.0625, 7.0625, 13.9375, 7.25], "texture": "#0"},
				"up": {"uv": [14.125, 7.0625, 14.25, 7], "rotation": 90, "texture": "#0"},
				"down": {"uv": [14, 6.875, 14.125, 6.8125], "rotation": 270, "texture": "#0"}
			}
		},
		{
			"from": [17.5, -16, -7],
			"to": [18, -14, -6],
			"rotation": {"angle": 0, "axis": "y", "origin": [16, 0, 0]},
			"faces": {
				"north": {"uv": [14.125, 7.25, 14.0625, 7.375], "texture": "#0"},
				"east": {"uv": [14.1875, 7.25, 14.125, 7.375], "texture": "#0"},
				"south": {"uv": [14.3125, 7.25, 14.25, 7.375], "texture": "#0"},
				"west": {"uv": [14.0625, 7.25, 14, 7.375], "texture": "#0"},
				"down": {"uv": [14, 6.875, 14.0625, 6.8125], "rotation": 270, "texture": "#0"}
			}
		},
		{
			"from": [18.6, -15.45, -7.3],
			"to": [19.1, -14.95, -4.5],
			"rotation": {"angle": 0, "axis": "y", "origin": [17.1, 0.3, 0]},
			"faces": {
				"north": {"uv": [13.4375, 6.125, 13.375, 6.1875], "texture": "#0"},
				"east": {"uv": [13.625, 6.1875, 13.4375, 6.25], "texture": "#0"},
				"west": {"uv": [13.625, 6.3125, 13.4375, 6.375], "rotation": 180, "texture": "#0"},
				"up": {"uv": [13.4375, 6.1875, 13.625, 6.125], "rotation": 90, "texture": "#0"},
				"down": {"uv": [13.4375, 6.3125, 13.625, 6.25], "rotation": 270, "texture": "#0"}
			}
		},
		{
			"from": [18.3, -15.45, -5.3],
			"to": [19.3, -14.95, -4.8],
			"rotation": {"angle": -45, "axis": "y", "origin": [18.1, -14.7, -4.3]},
			"faces": {
				"north": {"uv": [13.6875, 6.1875, 13.625, 6.25], "texture": "#0"},
				"south": {"uv": [13.6875, 6.3125, 13.625, 6.375], "texture": "#0"},
				"up": {"uv": [13.625, 6.1875, 13.6875, 6.125], "rotation": 90, "texture": "#0"},
				"down": {"uv": [13.625, 6.3125, 13.6875, 6.25], "rotation": 270, "texture": "#0"}
			}
		},
		{
			"from": [19.3, -15.45, -4.3],
			"to": [21.1, -14.95, -3.8],
			"rotation": {"angle": 0, "axis": "y", "origin": [16.1, 0.6, 0]},
			"faces": {
				"north": {"uv": [13.8125, 6.1875, 13.6875, 6.25], "texture": "#0"},
				"south": {"uv": [13.8125, 6.3125, 13.6875, 6.375], "rotation": 180, "texture": "#0"},
				"up": {"uv": [13.8125, 6.125, 13.6875, 6.1875], "rotation": 180, "texture": "#0"},
				"down": {"uv": [13.8125, 6.25, 13.6875, 6.3125], "rotation": 180, "texture": "#0"}
			}
		},
		{
			"from": [21.6, -15.45, -4.7],
			"to": [22.1, -14.95, -3.3],
			"rotation": {"angle": 45, "axis": "y", "origin": [22.1, -14.4, -3.3]},
			"faces": {
				"east": {"uv": [13.9375, 6.1875, 13.8125, 6.25], "texture": "#0"},
				"west": {"uv": [13.9375, 6.3125, 13.8125, 6.375], "rotation": 180, "texture": "#0"},
				"up": {"uv": [13.8125, 6.1875, 13.9375, 6.125], "rotation": 90, "texture": "#0"},
				"down": {"uv": [13.8125, 6.3125, 13.9375, 6.25], "rotation": 270, "texture": "#0"}
			}
		},
		{
			"from": [21.6, -15.45, -3.3],
			"to": [22.1, -14.95, 12.7],
			"rotation": {"angle": 0, "axis": "y", "origin": [16.1, 0.6, 0]},
			"faces": {
				"east": {"uv": [14.9375, 6.1875, 13.9375, 6.25], "texture": "#0"},
				"west": {"uv": [14.9375, 6.3125, 13.9375, 6.375], "rotation": 180, "texture": "#0"},
				"up": {"uv": [13.9375, 6.1875, 14.9375, 6.125], "rotation": 90, "texture": "#0"},
				"down": {"uv": [13.9375, 6.3125, 14.9375, 6.25], "rotation": 270, "texture": "#0"}
			}
		},
		{
			"from": [7.6, -14.9, 13.5],
			"to": [22.1, -14.4, 14],
			"rotation": {"angle": 45, "axis": "y", "origin": [22.1, -14.9, 14]},
			"faces": {
				"north": {"uv": [16, 6.3125, 15.0625, 6.375], "rotation": 180, "texture": "#0"},
				"east": {"uv": [15.125, 6.1875, 15.0625, 6.25], "texture": "#0"},
				"south": {"uv": [16, 6.1875, 15.0625, 6.25], "texture": "#0"},
				"up": {"uv": [16, 6.125, 15.0625, 6.1875], "texture": "#0"},
				"down": {"uv": [16, 6.25, 15.0625, 6.3125], "texture": "#0"}
			}
		},
		{
			"from": [21.6, -15.45, 12.7],
			"to": [22.1, -14.95, 14.1],
			"rotation": {"angle": -22.5, "axis": "x", "origin": [22.1, -15.45, 12.7]},
			"faces": {
				"east": {"uv": [15.0625, 6.1875, 14.9375, 6.25], "texture": "#0"},
				"south": {"uv": [15.0625, 6.1875, 15, 6.25], "texture": "#0"},
				"west": {"uv": [15.0625, 6.3125, 14.9375, 6.375], "rotation": 180, "texture": "#0"},
				"up": {"uv": [14.9375, 6.1875, 15.0625, 6.125], "rotation": 90, "texture": "#0"},
				"down": {"uv": [14.9375, 6.3125, 15.0625, 6.25], "rotation": 270, "texture": "#0"}
			}
		},
		{
			"from": [18, -15.1, -7.3],
			"to": [18.5, -14.6, -4.3],
			"rotation": {"angle": 0, "axis": "y", "origin": [17, 0.4, 0]},
			"faces": {
				"north": {"uv": [14.25, 6.625, 14.1875, 6.6875], "texture": "#0"},
				"east": {"uv": [14.4375, 6.6875, 14.25, 6.75], "texture": "#0"},
				"west": {"uv": [14.4375, 6.8125, 14.25, 6.875], "rotation": 180, "texture": "#0"},
				"up": {"uv": [14.25, 6.6875, 14.4375, 6.625], "rotation": 90, "texture": "#0"},
				"down": {"uv": [14.25, 6.8125, 14.4375, 6.75], "rotation": 270, "texture": "#0"}
			}
		},
		{
			"from": [18, -15.1, -4.8],
			"to": [19.4, -14.6, -4.3],
			"rotation": {"angle": -45, "axis": "y", "origin": [18, -14.6, -4.3]},
			"faces": {
				"north": {"uv": [14.5625, 6.6875, 14.4375, 6.75], "texture": "#0"},
				"south": {"uv": [14.5625, 6.8125, 14.4375, 6.875], "rotation": 180, "texture": "#0"},
				"up": {"uv": [14.5625, 6.625, 14.4375, 6.6875], "rotation": 180, "texture": "#0"},
				"down": {"uv": [14.5625, 6.75, 14.4375, 6.8125], "rotation": 180, "texture": "#0"}
			}
		},
		{
			"from": [19, -15.1, -3.8],
			"to": [20.8, -14.6, -3.3],
			"rotation": {"angle": 0, "axis": "y", "origin": [16, 0.4, 0]},
			"faces": {
				"north": {"uv": [14.6875, 6.6875, 14.5625, 6.75], "texture": "#0"},
				"south": {"uv": [14.6875, 6.8125, 14.5625, 6.875], "rotation": 180, "texture": "#0"},
				"up": {"uv": [14.6875, 6.625, 14.5625, 6.6875], "rotation": 180, "texture": "#0"},
				"down": {"uv": [14.6875, 6.75, 14.5625, 6.8125], "rotation": 180, "texture": "#0"}
			}
		},
		{
			"from": [21, -15.1, -4.5],
			"to": [21.5, -14.6, -3.5],
			"rotation": {"angle": 45, "axis": "y", "origin": [22, -14.6, -3.3]},
			"faces": {
				"east": {"uv": [14.8125, 6.6875, 14.6875, 6.75], "texture": "#0"},
				"west": {"uv": [14.8125, 6.8125, 14.6875, 6.875], "rotation": 180, "texture": "#0"},
				"up": {"uv": [14.6875, 6.6875, 14.8125, 6.625], "rotation": 90, "texture": "#0"},
				"down": {"uv": [14.6875, 6.8125, 14.8125, 6.75], "rotation": 270, "texture": "#0"}
			}
		},
		{
			"from": [21, -15.1, -3.1],
			"to": [21.5, -14.6, 11.5],
			"rotation": {"angle": 0, "axis": "y", "origin": [16, 0.4, 0]},
			"faces": {
				"east": {"uv": [15.75, 6.6875, 14.8125, 6.75], "texture": "#0"},
				"west": {"uv": [15.75, 6.8125, 14.8125, 6.875], "rotation": 180, "texture": "#0"},
				"up": {"uv": [14.8125, 6.6875, 15.75, 6.625], "rotation": 90, "texture": "#0"},
				"down": {"uv": [14.8125, 6.8125, 15.75, 6.75], "rotation": 270, "texture": "#0"}
			}
		},
		{
			"from": [21, -15.1, 11.5],
			"to": [21.5, -14.6, 12.5],
			"rotation": {"angle": -45, "axis": "x", "origin": [21, -15.1, 11.5]},
			"faces": {
				"east": {"uv": [15.875, 6.6875, 15.75, 6.75], "texture": "#0"},
				"west": {"uv": [15.875, 6.8125, 15.75, 6.875], "rotation": 180, "texture": "#0"},
				"up": {"uv": [15.75, 6.6875, 15.875, 6.625], "rotation": 90, "texture": "#0"},
				"down": {"uv": [15.75, 6.8125, 15.875, 6.75], "rotation": 270, "texture": "#0"}
			}
		},
		{
			"from": [21, -14.4, 11.7],
			"to": [21.5, -13, 12.2],
			"rotation": {"angle": 0, "axis": "y", "origin": [16, 0.4, -9]},
			"faces": {
				"north": {"uv": [15.875, 6.6875, 16, 6.625], "rotation": 270, "texture": "#0"},
				"east": {"uv": [15.875, 6.75, 16, 6.6875], "rotation": 270, "texture": "#0"},
				"south": {"uv": [15.875, 6.8125, 16, 6.75], "rotation": 270, "texture": "#0"},
				"west": {"uv": [15.875, 6.875, 16, 6.8125], "rotation": 270, "texture": "#0"}
			}
		},
		{
			"from": [18, -15.7, -7.3],
			"to": [18.5, -15.2, -4.3],
			"rotation": {"angle": 0, "axis": "y", "origin": [17, 0.3, 0]},
			"faces": {
				"north": {"uv": [13.6875, 6.375, 13.625, 6.4375], "texture": "#0"},
				"east": {"uv": [13.875, 6.4375, 13.6875, 6.5], "texture": "#0"},
				"west": {"uv": [13.875, 6.5625, 13.6875, 6.625], "rotation": 180, "texture": "#0"},
				"up": {"uv": [13.6875, 6.4375, 13.875, 6.375], "rotation": 90, "texture": "#0"},
				"down": {"uv": [13.6875, 6.5625, 13.875, 6.5], "rotation": 270, "texture": "#0"}
			}
		},
		{
			"from": [18, -15.7, -4.8],
			"to": [19.4, -15.2, -4.3],
			"rotation": {"angle": -45, "axis": "y", "origin": [18, -14.7, -4.3]},
			"faces": {
				"north": {"uv": [14, 6.4375, 13.875, 6.5], "texture": "#0"},
				"south": {"uv": [14, 6.5625, 13.875, 6.625], "rotation": 180, "texture": "#0"},
				"up": {"uv": [14, 6.375, 13.875, 6.4375], "rotation": 180, "texture": "#0"},
				"down": {"uv": [14, 6.5, 13.875, 6.5625], "rotation": 180, "texture": "#0"}
			}
		},
		{
			"from": [19, -15.7, -3.8],
			"to": [20.8, -15.2, -3.3],
			"rotation": {"angle": 0, "axis": "y", "origin": [16, 0.3, 0]},
			"faces": {
				"north": {"uv": [14.125, 6.4375, 14, 6.5], "texture": "#0"},
				"south": {"uv": [14.125, 6.5625, 14, 6.625], "rotation": 180, "texture": "#0"},
				"up": {"uv": [14.125, 6.375, 14, 6.4375], "rotation": 180, "texture": "#0"},
				"down": {"uv": [14.125, 6.5, 14, 6.5625], "rotation": 180, "texture": "#0"}
			}
		},
		{
			"from": [21, -15.7, -4.5],
			"to": [21.5, -15.2, -3.5],
			"rotation": {"angle": 45, "axis": "y", "origin": [22, -14.7, -3.3]},
			"faces": {
				"east": {"uv": [14.25, 6.4375, 14.125, 6.5], "texture": "#0"},
				"west": {"uv": [14.25, 6.5625, 14.125, 6.625], "rotation": 180, "texture": "#0"},
				"up": {"uv": [14.125, 6.4375, 14.25, 6.375], "rotation": 90, "texture": "#0"},
				"down": {"uv": [14.125, 6.5625, 14.25, 6.5], "rotation": 270, "texture": "#0"}
			}
		},
		{
			"from": [21, -15.7, -3.1],
			"to": [21.5, -15.2, 20.7],
			"rotation": {"angle": 0, "axis": "y", "origin": [16, 0.3, 0]},
			"faces": {
				"east": {"uv": [15.75, 6.4375, 14.25, 6.5], "texture": "#0"},
				"west": {"uv": [15.75, 6.5625, 14.25, 6.625], "rotation": 180, "texture": "#0"},
				"up": {"uv": [14.25, 6.4375, 15.75, 6.375], "rotation": 90, "texture": "#0"},
				"down": {"uv": [14.25, 6.5625, 15.75, 6.5], "rotation": 270, "texture": "#0"}
			}
		},
		{
			"from": [21, -15.7, 20.7],
			"to": [21.5, -15.2, 22.1],
			"rotation": {"angle": -45, "axis": "x", "origin": [22, -15.7, 20.7]},
			"faces": {
				"east": {"uv": [15.875, 6.4375, 15.75, 6.5], "texture": "#0"},
				"west": {"uv": [15.875, 6.5625, 15.75, 6.625], "rotation": 180, "texture": "#0"},
				"up": {"uv": [15.75, 6.4375, 15.875, 6.375], "rotation": 90, "texture": "#0"},
				"down": {"uv": [15.75, 6.5625, 15.875, 6.5], "rotation": 270, "texture": "#0"}
			}
		},
		{
			"from": [21, -14.7, 21.2],
			"to": [21.5, -13, 21.7],
			"rotation": {"angle": 0, "axis": "y", "origin": [16, 0.3, 0]},
			"faces": {
				"north": {"uv": [15.875, 6.4375, 16, 6.375], "rotation": 270, "texture": "#0"},
				"east": {"uv": [15.875, 6.5, 16, 6.4375], "rotation": 270, "texture": "#0"},
				"south": {"uv": [15.875, 6.5625, 16, 6.5], "rotation": 270, "texture": "#0"},
				"west": {"uv": [15.875, 6.625, 16, 6.5625], "rotation": 270, "texture": "#0"}
			}
		},
		{
			"from": [-6, 21, 16],
			"to": [-5, 22, 32],
			"rotation": {"angle": 0, "axis": "y", "origin": [1, 8, 5]},
			"faces": {
				"north": {"uv": [0.125, 2.375, 0.1875, 2.4375], "rotation": 180, "texture": "#0"},
				"east": {"uv": [0.1875, 2.375, 0.25, 3.375], "rotation": 90, "texture": "#0"},
				"south": {"uv": [0.125, 3.3125, 0.1875, 3.375], "texture": "#0"},
				"west": {"uv": [0.0625, 2.375, 0.125, 3.375], "rotation": 270, "texture": "#0"},
				"up": {"uv": [0.125, 2.375, 0.1875, 3.375], "texture": "#0"},
				"down": {"uv": [0, 2.375, 0.0625, 3.375], "rotation": 180, "texture": "#0"}
			}
		},
		{
			"from": [-6, 21, 4],
			"to": [-5, 22, 16],
			"rotation": {"angle": -22.5, "axis": "x", "origin": [1, 22, 16]},
			"faces": {
				"north": {"uv": [0.125, 2.375, 0.1875, 2.4375], "rotation": 180, "texture": "#0"},
				"east": {"uv": [0.1875, 2.375, 0.25, 3.375], "rotation": 90, "texture": "#0"},
				"south": {"uv": [0.125, 3.3125, 0.1875, 3.375], "texture": "#0"},
				"west": {"uv": [0.0625, 2.375, 0.125, 3.375], "rotation": 270, "texture": "#0"},
				"up": {"uv": [0.125, 2.375, 0.1875, 3.375], "texture": "#0"},
				"down": {"uv": [0, 2.375, 0.0625, 3.375], "rotation": 180, "texture": "#0"}
			}
		},
		{
			"from": [-6, 16.40206, -0.08459],
			"to": [-5, 17.40206, 4.91541],
			"rotation": {"angle": -45, "axis": "x", "origin": [1, 17.4, 4.9]},
			"faces": {
				"north": {"uv": [0.125, 2.375, 0.1875, 2.4375], "rotation": 180, "texture": "#0"},
				"east": {"uv": [0.1875, 2.375, 0.25, 3.375], "rotation": 90, "texture": "#0"},
				"south": {"uv": [0.125, 3.3125, 0.1875, 3.375], "texture": "#0"},
				"west": {"uv": [0.0625, 2.375, 0.125, 3.375], "rotation": 270, "texture": "#0"},
				"up": {"uv": [0.125, 2.375, 0.1875, 3.375], "texture": "#0"},
				"down": {"uv": [0, 2.375, 0.0625, 3.375], "rotation": 180, "texture": "#0"}
			}
		},
		{
			"from": [-6.2, 20.8, 22],
			"to": [-4, 22.2, 23],
			"rotation": {"angle": 0, "axis": "y", "origin": [1, 21, -16]},
			"faces": {
				"north": {"uv": [0.125, 3.375, 0.25, 3.4375], "rotation": 180, "texture": "#0"},
				"south": {"uv": [0, 3.4375, 0.125, 3.5], "texture": "#0"},
				"west": {"uv": [0.25, 3.375, 0.3125, 3.4375], "rotation": 270, "texture": "#0"},
				"up": {"uv": [0.125, 3.4375, 0.25, 3.5], "texture": "#0"},
				"down": {"uv": [0, 3.375, 0.125, 3.4375], "rotation": 180, "texture": "#0"}
			}
		},
		{
			"from": [-6.2, 20.8, 11],
			"to": [-4, 22.2, 12],
			"rotation": {"angle": -22.5, "axis": "x", "origin": [1, 22, 16]},
			"faces": {
				"north": {"uv": [0.125, 3.375, 0.25, 3.4375], "rotation": 180, "texture": "#0"},
				"south": {"uv": [0, 3.4375, 0.125, 3.5], "texture": "#0"},
				"west": {"uv": [0.25, 3.375, 0.3125, 3.4375], "rotation": 270, "texture": "#0"},
				"up": {"uv": [0.125, 3.4375, 0.25, 3.5], "texture": "#0"},
				"down": {"uv": [0, 3.375, 0.125, 3.4375], "rotation": 180, "texture": "#0"}
			}
		},
		{
			"from": [-6.2, 16.20206, -1.08459],
			"to": [-4, 17.60206, -0.08459],
			"rotation": {"angle": -45, "axis": "x", "origin": [1, 17.4, 4.9]},
			"faces": {
				"north": {"uv": [0.125, 3.375, 0.25, 3.4375], "rotation": 180, "texture": "#0"},
				"south": {"uv": [0, 3.4375, 0.125, 3.5], "texture": "#0"},
				"west": {"uv": [0.25, 3.375, 0.3125, 3.4375], "rotation": 270, "texture": "#0"},
				"up": {"uv": [0.125, 3.4375, 0.25, 3.5], "texture": "#0"},
				"down": {"uv": [0, 3.375, 0.125, 3.4375], "rotation": 180, "texture": "#0"}
			}
		},
		{
			"from": [21, 21, 16],
			"to": [22, 22, 32],
			"rotation": {"angle": 0, "axis": "y", "origin": [15, 8, 5]},
			"faces": {
				"north": {"uv": [0.1875, 2.375, 0.125, 2.4375], "rotation": 180, "texture": "#0"},
				"east": {"uv": [0.0625, 3.375, 0.125, 2.375], "rotation": 270, "texture": "#0"},
				"south": {"uv": [0.1875, 3.3125, 0.125, 3.375], "texture": "#0"},
				"west": {"uv": [0.1875, 3.375, 0.25, 2.375], "rotation": 90, "texture": "#0"},
				"up": {"uv": [0.1875, 2.375, 0.125, 3.375], "texture": "#0"},
				"down": {"uv": [0.0625, 2.375, 0, 3.375], "rotation": 180, "texture": "#0"}
			}
		},
		{
			"from": [21, 21, 4],
			"to": [22, 22, 16],
			"rotation": {"angle": -22.5, "axis": "x", "origin": [15, 22, 16]},
			"faces": {
				"north": {"uv": [0.1875, 2.375, 0.125, 2.4375], "rotation": 180, "texture": "#0"},
				"east": {"uv": [0.0625, 3.375, 0.125, 2.375], "rotation": 270, "texture": "#0"},
				"south": {"uv": [0.1875, 3.3125, 0.125, 3.375], "texture": "#0"},
				"west": {"uv": [0.1875, 3.375, 0.25, 2.375], "rotation": 90, "texture": "#0"},
				"up": {"uv": [0.1875, 2.375, 0.125, 3.375], "texture": "#0"},
				"down": {"uv": [0.0625, 2.375, 0, 3.375], "rotation": 180, "texture": "#0"}
			}
		},
		{
			"from": [21, 16.40206, -0.08459],
			"to": [22, 17.40206, 4.91541],
			"rotation": {"angle": -45, "axis": "x", "origin": [15, 17.4, 4.9]},
			"faces": {
				"north": {"uv": [0.1875, 2.375, 0.125, 2.4375], "rotation": 180, "texture": "#0"},
				"east": {"uv": [0.0625, 3.375, 0.125, 2.375], "rotation": 270, "texture": "#0"},
				"south": {"uv": [0.1875, 3.3125, 0.125, 3.375], "texture": "#0"},
				"west": {"uv": [0.1875, 3.375, 0.25, 2.375], "rotation": 90, "texture": "#0"},
				"up": {"uv": [0.1875, 2.375, 0.125, 3.375], "texture": "#0"},
				"down": {"uv": [0.0625, 2.375, 0, 3.375], "rotation": 180, "texture": "#0"}
			}
		},
		{
			"from": [20, 20.8, 22],
			"to": [22.2, 22.2, 23],
			"rotation": {"angle": 0, "axis": "y", "origin": [15, 21, -16]},
			"faces": {
				"north": {"uv": [0.25, 3.375, 0.125, 3.4375], "rotation": 180, "texture": "#0"},
				"east": {"uv": [0.25, 3.4375, 0.3125, 3.375], "rotation": 270, "texture": "#0"},
				"south": {"uv": [0.125, 3.4375, 0, 3.5], "texture": "#0"},
				"up": {"uv": [0.25, 3.4375, 0.125, 3.5], "texture": "#0"},
				"down": {"uv": [0.125, 3.375, 0, 3.4375], "rotation": 180, "texture": "#0"}
			}
		},
		{
			"from": [20, 20.8, 11],
			"to": [22.2, 22.2, 12],
			"rotation": {"angle": -22.5, "axis": "x", "origin": [15, 22, 16]},
			"faces": {
				"north": {"uv": [0.25, 3.375, 0.125, 3.4375], "rotation": 180, "texture": "#0"},
				"east": {"uv": [0.25, 3.4375, 0.3125, 3.375], "rotation": 270, "texture": "#0"},
				"south": {"uv": [0.125, 3.4375, 0, 3.5], "texture": "#0"},
				"up": {"uv": [0.25, 3.4375, 0.125, 3.5], "texture": "#0"},
				"down": {"uv": [0.125, 3.375, 0, 3.4375], "rotation": 180, "texture": "#0"}
			}
		},
		{
			"from": [20, 16.20206, -1.08459],
			"to": [22.2, 17.60206, -0.08459],
			"rotation": {"angle": -45, "axis": "x", "origin": [15, 17.4, 4.9]},
			"faces": {
				"north": {"uv": [0.25, 3.375, 0.125, 3.4375], "rotation": 180, "texture": "#0"},
				"east": {"uv": [0.25, 3.4375, 0.3125, 3.375], "rotation": 270, "texture": "#0"},
				"south": {"uv": [0.125, 3.4375, 0, 3.5], "texture": "#0"},
				"up": {"uv": [0.25, 3.4375, 0.125, 3.5], "texture": "#0"},
				"down": {"uv": [0.125, 3.375, 0, 3.4375], "rotation": 180, "texture": "#0"}
			}
		},
		{
			"from": [-6.5, 17, 20],
			"to": [-5.5, 18, 32],
			"rotation": {"angle": 0, "axis": "y", "origin": [0, 8, 5]},
			"faces": {
				"east": {"uv": [0.5, 2.875, 0.5625, 3.4375], "rotation": 90, "texture": "#0"},
				"south": {"uv": [0.375, 3.375, 0.4375, 3.4375], "texture": "#0"},
				"west": {"uv": [0.375, 2.875, 0.4375, 3.4375], "rotation": 270, "texture": "#0"},
				"up": {"uv": [0.4375, 2.875, 0.5, 3.4375], "texture": "#0"},
				"down": {"uv": [0.3125, 2.875, 0.375, 3.4375], "rotation": 180, "texture": "#0"}
			}
		},
		{
			"from": [-6.5, 17, 18],
			"to": [-5.5, 18, 20],
			"rotation": {"angle": 0, "axis": "y", "origin": [0, 8, 5]},
			"faces": {
				"north": {"uv": [0.3125, 2.6875, 0.375, 2.75], "rotation": 180, "texture": "#0"},
				"east": {"uv": [0.375, 2.6875, 0.4375, 2.75], "rotation": 90, "texture": "#0"},
				"west": {"uv": [0.3125, 2.75, 0.375, 2.8125], "rotation": 270, "texture": "#0"},
				"up": {"uv": [0.375, 2.75, 0.4375, 2.8125], "texture": "#0"},
				"down": {"uv": [0.375, 2.8125, 0.4375, 2.875], "rotation": 180, "texture": "#0"}
			}
		},
		{
			"from": [-5.5, 16.5, 17.5],
			"to": [-5, 18.5, 19.5],
			"rotation": {"angle": 0, "axis": "y", "origin": [0, 8, 5]},
			"faces": {
				"north": {"uv": [0.3125, 2.6875, 0.375, 2.75], "rotation": 180, "texture": "#0"},
				"south": {"uv": [0.3125, 2.8125, 0.375, 2.875], "texture": "#0"},
				"west": {"uv": [0.3125, 2.75, 0.375, 2.8125], "rotation": 270, "texture": "#0"},
				"up": {"uv": [0.375, 2.75, 0.4375, 2.8125], "texture": "#0"},
				"down": {"uv": [0.375, 2.8125, 0.4375, 2.875], "rotation": 180, "texture": "#0"}
			}
		}
	],
	"display": {
		"gui": {
			"rotation": [25, 135, 0],
			"scale": [0.25, 0.25, 0.25]
		},
		"head": {
			"scale": [2, 2, 2]
		}
	},
	"groups": [
		{
			"name": "sides",
			"origin": [8, 8, 8],
			"color": 0,
			"children": [0, 1, 2, 3, 4, 5, 6, 7, 8, 9, 10, 11, 12, 13, 14, 15]
		},
		{
			"name": "body",
			"origin": [8, 8, 8],
			"color": 0,
			"children": [16, 17, 18, 19, 20, 21, 22, 23, 24, 25, 26, 27, 28, 29, 30, 31, 32, 33, 34, 35, 36, 37]
		},
		{
			"name": "chimney",
			"origin": [0, 0, 0],
			"color": 0,
			"children": [38, 39, 40, 41, 42, 43, 44]
		},
		{
			"name": "whistle",
			"origin": [8, 8, 8],
			"color": 0,
			"children": [45, 46]
		},
		{
			"name": "buffers",
			"origin": [8, 8, 8],
			"color": 0,
			"children": [
				{
					"name": "left buffer",
					"origin": [0, 0, 0],
					"color": 0,
					"children": [47, 48, 49, 50]
				},
				{
					"name": "right buffer",
					"origin": [0, 0, 0],
					"color": 0,
					"children": [51, 52, 53, 54]
				}
			]
		},
		{
			"name": "hook",
			"origin": [8, 8, 8],
			"color": 0,
			"children": [55, 56, 57, 58, 59, 60, 61, 62, 63, 64]
		},
		{
			"name": "chain",
			"origin": [8, 8, 8],
			"color": 0,
			"children": [
				{
					"name": "link1",
					"origin": [8, 8, 8],
					"color": 0,
					"children": [65, 66, 67, 68, 69, 70, 71, 72]
				},
				{
					"name": "link2",
					"origin": [8, 8, 8],
					"color": 0,
					"children": [73, 74, 75, 76, 77, 78, 79, 80]
				},
				{
					"name": "screw",
					"origin": [8, 8, 8],
					"color": 0,
					"children": [
						81,
						82,
						83,
						{
							"name": "spinner",
							"origin": [7, -6.7, 10.8],
							"color": 0,
							"children": [84, 85, 86, 87]
						}
					]
				}
			]
		},
		88,
		{
			"name": "undercarriage",
			"origin": [8, 8, 8],
			"color": 0,
			"children": [
				89,
				{
					"name": "left cylinder",
					"origin": [8, 8, 8],
					"color": 0,
					"children": [
						{
							"name": "cylinder",
							"origin": [0, 0, 0],
							"color": 0,
							"children": [90, 91]
						},
						92,
						93,
						94,
						{
							"name": "vents",
							"origin": [0, 0, 0],
							"color": 0,
							"children": [
								{
									"name": "vent hold",
									"origin": [0, 0, 0],
									"color": 0,
									"children": [95, 96, 97]
								},
								{
									"name": "middle cylinder vent",
									"origin": [8, 8, 8],
									"color": 0,
									"children": [98, 99, 100, 101, 102, 103, 104]
								},
								{
									"name": "front vent",
									"origin": [8, 8, 8],
									"color": 0,
									"children": [105, 106, 107, 108, 109, 110, 111]
								},
								{
									"name": "rear vent",
									"origin": [8, 8, 8],
									"color": 0,
									"children": [112, 113, 114, 115, 116, 117, 118]
								}
							]
						}
					]
				},
				{
					"name": "right cylinder",
					"origin": [8, 8, 8],
					"color": 0,
					"children": [
						{
							"name": "cylinder",
							"origin": [0, 0, 0],
							"color": 0,
							"children": [119, 120]
						},
						121,
						122,
						123,
						{
							"name": "vents",
							"origin": [0, 0, 0],
							"color": 0,
							"children": [
								{
									"name": "vent hold",
									"origin": [0, 0, 0],
									"color": 0,
									"children": [124, 125, 126]
								},
								{
									"name": "middle cylinder vent",
									"origin": [8, 8, 8],
									"color": 0,
									"children": [127, 128, 129, 130, 131, 132, 133]
								},
								{
									"name": "front vent",
									"origin": [8, 8, 8],
									"color": 0,
									"children": [134, 135, 136, 137, 138, 139, 140]
								},
								{
									"name": "rear vent",
									"origin": [8, 8, 8],
									"color": 0,
									"children": [141, 142, 143, 144, 145, 146, 147]
								}
							]
						}
					]
				}
			]
		},
		{
			"name": "side handles",
			"origin": [8, 8, 8],
			"color": 0,
			"children": [
				{
					"name": "left",
					"origin": [0, 0, 0],
					"color": 0,
					"children": [148, 149, 150, 151, 152, 153]
				},
				{
					"name": "right",
					"origin": [0, 0, 0],
					"color": 0,
					"children": [154, 155, 156, 157, 158, 159]
				}
			]
		},
		{
			"name": "side pipe",
			"origin": [8, 8, 8],
			"color": 0,
			"children": [160, 161, 162]
		}
	]
}