{
	"credit": "Made with Blockbench",
	"texture_size": [256, 256],
	"textures": {
		"0": "item/amalon/tc/a4/skin_mallard",
		"particle": "item/amalon/tc/a4/skin_mallard"
	},
	"elements": [
		{
			"from": [7.05, -4, 7.3],
			"to": [7.55, 9, 8.55],
			"rotation": {"angle": 0, "axis": "y", "origin": [0, 6, 8]},
			"faces": {
				"north": {"uv": [4.75, 0, 4.8125, 0.0625], "texture": "#0"},
				"east": {"uv": [4.8125, 0.125, 4.875, 0.1875], "texture": "#0"},
				"south": {"uv": [4.75, 0.125, 4.8125, 0.1875], "texture": "#0"},
				"west": {"uv": [4.75, 0.0625, 4.8125, 0.125], "texture": "#0"},
				"up": {"uv": [4.8125, 0, 4.875, 0.0625], "texture": "#0"},
				"down": {"uv": [4.8125, 0.0625, 4.875, 0.125], "texture": "#0"}
			}
		}
	],
	"display": {
		"gui": {
			"rotation": [45, 45, 0],
			"translation": [1.25, 6.5, 0],
			"scale": [1.5, 1.5, 1.5]
		},
		"head": {
			"scale": [2, 2, 2]
		}
	},
	"groups": [
		{
			"name": "group",
			"origin": [0, 0, 0],
			"color": 0,
			"children": [0]
		}
	]
}