{
	"credit": "Made with Blockbench",
	"texture_size": [256, 256],
	"textures": {
		"0": "item/amalon/tc/a4/skin_mallard",
		"particle": "item/amalon/tc/a4/skin_mallard"
	},
	"elements": [
		{
			"name": "rod",
			"from": [8, 5.5, 7.75],
			"to": [8.5, 6.5, 32],
			"rotation": {"angle": 0, "axis": "y", "origin": [0, 6, 8]},
			"faces": {
				"north": {"uv": [3.0625, 0.0625, 3.125, 0.125], "texture": "#0"},
				"east": {"uv": [3.0625, 0.1875, 4.75, 0.25], "texture": "#0"},
				"west": {"uv": [3.0625, 0.0625, 4.75, 0.125], "texture": "#0"},
				"up": {"uv": [3.0625, 0, 4.75, 0.0625], "rotation": 90, "texture": "#0"},
				"down": {"uv": [3.0625, 0.125, 4.75, 0.1875], "rotation": 270, "texture": "#0"}
			}
		}
	],
	"display": {
		"gui": {
			"rotation": [15, 165, 0],
			"translation": [-5.75, -2.25, 0],
			"scale": [2, 2, 2]
		},
		"head": {
			"scale": [2, 2, 2]
		}
	},
	"groups": [
		{
			"name": "group",
			"origin": [0, 0, 0],
			"color": 0,
			"children": [0]
		}
	]
}