{
	"credit": "Made with Blockbench",
	"texture_size": [256, 256],
	"textures": {
		"0": "item/amalon/tc/a4/skin_mallard",
		"particle": "item/amalon/tc/a4/skin_mallard"
	},
	"elements": [
		{
			"from": [0, 0, -2],
			"to": [16, 8, 19],
			"faces": {
				"north": {"uv": [0, 0.75, 0.0625, 0.8125], "texture": "#0"},
				"east": {"uv": [0, 0.75, 0.0625, 0.8125], "texture": "#0"},
				"south": {"uv": [0, 0.75, 0.0625, 0.8125], "texture": "#0"},
				"west": {"uv": [0, 0.75, 0.0625, 0.8125], "texture": "#0"},
				"up": {"uv": [0, 0.75, 0.0625, 0.8125], "texture": "#0"},
				"down": {"uv": [0, 0.75, 0.0625, 0.8125], "texture": "#0"}
			}
		},
		{
			"from": [0, 0, 23],
			"to": [16, 8, 25],
			"faces": {
				"north": {"uv": [0, 0.75, 0.0625, 0.8125], "texture": "#0"},
				"east": {"uv": [0, 0.75, 0.0625, 0.8125], "texture": "#0"},
				"south": {"uv": [0, 0.75, 0.0625, 0.8125], "texture": "#0"},
				"west": {"uv": [0, 0.75, 0.0625, 0.8125], "texture": "#0"},
				"up": {"uv": [0, 0.75, 0.0625, 0.8125], "texture": "#0"},
				"down": {"uv": [0, 0.75, 0.0625, 0.8125], "texture": "#0"}
			}
		},
		{
			"from": [0, 0, -9],
			"to": [16, 7, -6],
			"faces": {
				"north": {"uv": [0, 0.75, 0.0625, 0.8125], "texture": "#0"},
				"east": {"uv": [0, 0.75, 0.0625, 0.8125], "texture": "#0"},
				"south": {"uv": [0, 0.75, 0.0625, 0.8125], "texture": "#0"},
				"west": {"uv": [0, 0.75, 0.0625, 0.8125], "texture": "#0"},
				"up": {"uv": [0, 0.75, 0.0625, 0.8125], "texture": "#0"},
				"down": {"uv": [0, 0.75, 0.0625, 0.8125], "texture": "#0"}
			}
		},
		{
			"from": [0, 0, -6],
			"to": [16, 1, -2],
			"faces": {
				"east": {"uv": [0, 0.75, 0.0625, 0.8125], "texture": "#0"},
				"west": {"uv": [0, 0.75, 0.0625, 0.8125], "texture": "#0"},
				"up": {"uv": [0, 0.75, 0.0625, 0.8125], "texture": "#0"},
				"down": {"uv": [0, 0.75, 0.0625, 0.8125], "texture": "#0"}
			}
		},
		{
			"from": [0, 2, -6],
			"to": [16, 6, -2],
			"faces": {
				"east": {"uv": [0, 0.75, 0.0625, 0.8125], "texture": "#0"},
				"west": {"uv": [0, 0.75, 0.0625, 0.8125], "texture": "#0"},
				"up": {"uv": [0, 0.75, 0.0625, 0.8125], "texture": "#0"},
				"down": {"uv": [0, 0.75, 0.0625, 0.8125], "texture": "#0"}
			}
		},
		{
			"from": [0, 7, -8],
			"to": [16, 8, -2],
			"faces": {
				"north": {"uv": [0, 0.75, 0.0625, 0.8125], "texture": "#0"},
				"east": {"uv": [0, 0.75, 0.0625, 0.8125], "texture": "#0"},
				"west": {"uv": [0, 0.75, 0.0625, 0.8125], "texture": "#0"},
				"up": {"uv": [0, 0.75, 0.0625, 0.8125], "texture": "#0"},
				"down": {"uv": [0, 0.75, 0.0625, 0.8125], "texture": "#0"}
			}
		},
		{
			"from": [0, 7, 19],
			"to": [16, 8, 23],
			"faces": {
				"east": {"uv": [0, 0.75, 0.0625, 0.8125], "texture": "#0"},
				"west": {"uv": [0, 0.75, 0.0625, 0.8125], "texture": "#0"},
				"up": {"uv": [0, 0.75, 0.0625, 0.8125], "texture": "#0"},
				"down": {"uv": [0, 0.75, 0.0625, 0.8125], "texture": "#0"}
			}
		},
		{
			"from": [0, 2, 19],
			"to": [16, 6, 23],
			"faces": {
				"east": {"uv": [0, 0.75, 0.0625, 0.8125], "texture": "#0"},
				"west": {"uv": [0, 0.75, 0.0625, 0.8125], "texture": "#0"},
				"up": {"uv": [0, 0.75, 0.0625, 0.8125], "texture": "#0"},
				"down": {"uv": [0, 0.75, 0.0625, 0.8125], "texture": "#0"}
			}
		},
		{
			"from": [0, 0, 19],
			"to": [16, 1, 23],
			"faces": {
				"east": {"uv": [0, 0.75, 0.0625, 0.8125], "texture": "#0"},
				"west": {"uv": [0, 0.75, 0.0625, 0.8125], "texture": "#0"},
				"up": {"uv": [0, 0.75, 0.0625, 0.8125], "texture": "#0"},
				"down": {"uv": [0, 0.75, 0.0625, 0.8125], "texture": "#0"}
			}
		},
		{
			"from": [0, 3, 25],
			"to": [16, 8, 31],
			"faces": {
				"east": {"uv": [0, 0.75, 0.0625, 0.8125], "texture": "#0"},
				"south": {"uv": [0, 0.75, 0.0625, 0.8125], "texture": "#0"},
				"west": {"uv": [0, 0.75, 0.0625, 0.8125], "texture": "#0"},
				"up": {"uv": [0, 0.75, 0.0625, 0.8125], "texture": "#0"},
				"down": {"uv": [0, 0.75, 0.0625, 0.8125], "texture": "#0"}
			}
		},
		{
			"from": [0, 3, -10.8],
			"to": [5, 9, -10.3],
			"rotation": {"angle": 22.5, "axis": "x", "origin": [0, 3, -10.8]},
			"faces": {
				"north": {"uv": [0, 0.75, 0.0625, 0.8125], "texture": "#0"},
				"east": {"uv": [0, 0.75, 0.0625, 0.8125], "texture": "#0"},
				"south": {"uv": [0, 0.75, 0.0625, 0.8125], "texture": "#0"},
				"west": {"uv": [0, 0.75, 0.0625, 0.8125], "texture": "#0"},
				"up": {"uv": [0, 0.75, 0.0625, 0.8125], "texture": "#0"}
			}
		},
		{
			"from": [0, 0.3, -10.8],
			"to": [5, 3, -10.3],
			"faces": {
				"north": {"uv": [0, 0.75, 0.0625, 0.8125], "texture": "#0"},
				"east": {"uv": [0, 0.75, 0.0625, 0.8125], "texture": "#0"},
				"south": {"uv": [0, 0.75, 0.0625, 0.8125], "texture": "#0"},
				"west": {"uv": [0, 0.75, 0.0625, 0.8125], "texture": "#0"},
				"down": {"uv": [0, 0.75, 0.0625, 0.8125], "texture": "#0"}
			}
		},
		{
			"from": [-1.8, -0.7, -9.4],
			"to": [-1.5, -0.2, -8.9],
			"rotation": {"angle": 45, "axis": "x", "origin": [-1.3, 0.6, -11]},
			"faces": {
				"east": {"uv": [0, 0.75, 0.0625, 0.8125], "texture": "#0"},
				"south": {"uv": [0, 0.75, 0.0625, 0.8125], "texture": "#0"},
				"west": {"uv": [0, 0.75, 0.0625, 0.8125], "texture": "#0"}
			}
		},
		{
			"from": [-1.8, -1.85, -10.8],
			"to": [-1.5, -0.05, -10.4],
			"rotation": {"angle": 0, "axis": "x", "origin": [-1.3, 0.6, -11]},
			"faces": {
				"north": {"uv": [0, 0.75, 0.0625, 0.8125], "texture": "#0"},
				"east": {"uv": [0, 0.75, 0.0625, 0.8125], "texture": "#0"},
				"south": {"uv": [0, 0.75, 0.0625, 0.8125], "texture": "#0"},
				"west": {"uv": [0, 0.75, 0.0625, 0.8125], "texture": "#0"},
				"up": {"uv": [0, 0.75, 0.0625, 0.8125], "texture": "#0"},
				"down": {"uv": [0, 0.75, 0.0625, 0.8125], "texture": "#0"}
			}
		},
		{
			"from": [-1.8, -0.2, -9.9],
			"to": [-1.5, 0.3, -8.9],
			"rotation": {"angle": 45, "axis": "x", "origin": [-1.3, 0.6, -11]},
			"faces": {
				"east": {"uv": [0, 0.75, 0.0625, 0.8125], "texture": "#0"},
				"south": {"uv": [0, 0.75, 0.0625, 0.8125], "texture": "#0"},
				"west": {"uv": [0, 0.75, 0.0625, 0.8125], "texture": "#0"}
			}
		},
		{
			"from": [-1.8, 0.3, -10.4],
			"to": [1.5, 0.6, -8.9],
			"rotation": {"angle": 45, "axis": "x", "origin": [0, 0.6, -11]},
			"faces": {
				"north": {"uv": [0, 0.75, 0.0625, 0.8125], "texture": "#0"},
				"east": {"uv": [0, 0.75, 0.0625, 0.8125], "texture": "#0"},
				"south": {"uv": [0, 0.75, 0.0625, 0.8125], "texture": "#0"},
				"west": {"uv": [0, 0.75, 0.0625, 0.8125], "texture": "#0"},
				"up": {"uv": [0, 0.75, 0.0625, 0.8125], "texture": "#0"},
				"down": {"uv": [0, 0.75, 0.0625, 0.8125], "texture": "#0"}
			}
		},
		{
			"from": [1.2, 0.6, -10.4],
			"to": [1.5, 3.3, -8.9],
			"rotation": {"angle": 45, "axis": "x", "origin": [0, 0.6, -11]},
			"faces": {
				"north": {"uv": [0, 0.75, 0.0625, 0.8125], "texture": "#0"},
				"east": {"uv": [0, 0.75, 0.0625, 0.8125], "texture": "#0"},
				"south": {"uv": [0, 0.75, 0.0625, 0.8125], "texture": "#0"},
				"west": {"uv": [0, 0.75, 0.0625, 0.8125], "texture": "#0"}
			}
		},
		{
			"from": [11, 3, -10.8],
			"to": [16, 9, -10.3],
			"rotation": {"angle": 22.5, "axis": "x", "origin": [16, 3, -10.8]},
			"faces": {
				"north": {"uv": [0.0625, 0.75, 0, 0.8125], "texture": "#0"},
				"east": {"uv": [0.0625, 0.75, 0, 0.8125], "texture": "#0"},
				"south": {"uv": [0.0625, 0.75, 0, 0.8125], "texture": "#0"},
				"west": {"uv": [0.0625, 0.75, 0, 0.8125], "texture": "#0"},
				"up": {"uv": [0.0625, 0.75, 0, 0.8125], "texture": "#0"}
			}
		},
		{
			"from": [11, 0.3, -10.8],
			"to": [16, 3, -10.3],
			"rotation": {"angle": 0, "axis": "y", "origin": [16, 0, 0]},
			"faces": {
				"north": {"uv": [0.0625, 0.75, 0, 0.8125], "texture": "#0"},
				"east": {"uv": [0.0625, 0.75, 0, 0.8125], "texture": "#0"},
				"south": {"uv": [0.0625, 0.75, 0, 0.8125], "texture": "#0"},
				"west": {"uv": [0.0625, 0.75, 0, 0.8125], "texture": "#0"},
				"down": {"uv": [0.0625, 0.75, 0, 0.8125], "texture": "#0"}
			}
		},
		{
			"from": [17.5, -0.7, -9.4],
			"to": [17.8, -0.2, -8.9],
			"rotation": {"angle": 45, "axis": "x", "origin": [17.3, 0.6, -11]},
			"faces": {
				"east": {"uv": [0.0625, 0.75, 0, 0.8125], "texture": "#0"},
				"south": {"uv": [0.0625, 0.75, 0, 0.8125], "texture": "#0"},
				"west": {"uv": [0.0625, 0.75, 0, 0.8125], "texture": "#0"}
			}
		},
		{
			"from": [17.5, -1.85, -10.8],
			"to": [17.8, -0.05, -10.4],
			"rotation": {"angle": 0, "axis": "x", "origin": [17.3, 0.6, -11]},
			"faces": {
				"north": {"uv": [0.0625, 0.75, 0, 0.8125], "texture": "#0"},
				"east": {"uv": [0.0625, 0.75, 0, 0.8125], "texture": "#0"},
				"south": {"uv": [0.0625, 0.75, 0, 0.8125], "texture": "#0"},
				"west": {"uv": [0.0625, 0.75, 0, 0.8125], "texture": "#0"},
				"up": {"uv": [0.0625, 0.75, 0, 0.8125], "texture": "#0"},
				"down": {"uv": [0.0625, 0.75, 0, 0.8125], "texture": "#0"}
			}
		},
		{
			"from": [17.5, -0.2, -9.9],
			"to": [17.8, 0.3, -8.9],
			"rotation": {"angle": 45, "axis": "x", "origin": [17.3, 0.6, -11]},
			"faces": {
				"east": {"uv": [0.0625, 0.75, 0, 0.8125], "texture": "#0"},
				"south": {"uv": [0.0625, 0.75, 0, 0.8125], "texture": "#0"},
				"west": {"uv": [0.0625, 0.75, 0, 0.8125], "texture": "#0"}
			}
		},
		{
			"from": [14.5, 0.3, -10.4],
			"to": [17.8, 0.6, -8.9],
			"rotation": {"angle": 45, "axis": "x", "origin": [16, 0.6, -11]},
			"faces": {
				"north": {"uv": [0.0625, 0.75, 0, 0.8125], "texture": "#0"},
				"east": {"uv": [0.0625, 0.75, 0, 0.8125], "texture": "#0"},
				"south": {"uv": [0.0625, 0.75, 0, 0.8125], "texture": "#0"},
				"west": {"uv": [0.0625, 0.75, 0, 0.8125], "texture": "#0"},
				"up": {"uv": [0.0625, 0.75, 0, 0.8125], "texture": "#0"},
				"down": {"uv": [0.0625, 0.75, 0, 0.8125], "texture": "#0"}
			}
		},
		{
			"from": [14.5, 0.6, -10.4],
			"to": [14.8, 3.3, -8.9],
			"rotation": {"angle": 45, "axis": "x", "origin": [16, 0.6, -11]},
			"faces": {
				"north": {"uv": [0.0625, 0.75, 0, 0.8125], "texture": "#0"},
				"east": {"uv": [0.0625, 0.75, 0, 0.8125], "texture": "#0"},
				"south": {"uv": [0.0625, 0.75, 0, 0.8125], "texture": "#0"},
				"west": {"uv": [0.0625, 0.75, 0, 0.8125], "texture": "#0"}
			}
		}
	],
	"display": {
		"gui": {
			"rotation": [40, 135, 0],
			"translation": [0, 1, 0],
			"scale": [0.4, 0.4, 0.4]
		},
		"head": {
			"scale": [2, 2, 2]
		}
	},
	"groups": [
		{
			"name": "leader",
			"origin": [8, 8, 8],
			"color": 0,
			"children": [0, 1, 2, 3, 4, 5, 6, 7, 8, 9]
		},
		{
			"name": "left",
			"origin": [8, 8, 8],
			"color": 0,
			"children": [
				10,
				11,
				{
					"name": "group",
					"origin": [0, 0, 0],
					"color": 0,
					"children": [12, 13, 14, 15, 16]
				}
			]
		},
		{
			"name": "right",
			"origin": [8, 8, 8],
			"color": 0,
			"children": [
				17,
				18,
				{
					"name": "group",
					"origin": [0, 0, 0],
					"color": 0,
					"children": [19, 20, 21, 22, 23]
				}
			]
		}
	]
}