{
	"credit": "Made with Blockbench",
	"texture_size": [256, 256],
	"textures": {
		"0": "item/amalon/tc/a4/skin_mallard",
		"particle": "item/amalon/tc/a4/skin_mallard"
	},
	"elements": [
		{
			"from": [17, 5.77792, 3.34254],
			"to": [19, 6.77792, 4.34254],
			"rotation": {"angle": -22.5, "axis": "x", "origin": [16, 8, 8]},
			"faces": {
				"north": {"uv": [2.8125, 0.3125, 2.6875, 0.375], "rotation": 180, "texture": "#0"},
				"east": {"uv": [2.75, 0.1875, 2.6875, 0.25], "rotation": 90, "texture": "#0"},
				"south": {"uv": [2.8125, 0.4375, 2.6875, 0.5], "texture": "#0"},
				"west": {"uv": [2.8125, 0.1875, 2.75, 0.25], "rotation": 270, "texture": "#0"},
				"up": {"uv": [2.8125, 0.375, 2.6875, 0.4375], "texture": "#0"},
				"down": {"uv": [2.6875, 0.25, 2.5625, 0.3125], "rotation": 180, "texture": "#0"}
			}
		},
		{
			"name": "counterweight",
			"from": [17.25, 1.8, 17.9],
			"to": [17.75, 14.2, 19.5],
			"rotation": {"angle": -45, "axis": "x", "origin": [0, 8, 8]},
			"faces": {
				"north": {"uv": [1.6875, 0.625, 2.4375, 0.6875], "rotation": 270, "texture": "#0"},
				"east": {"uv": [1.6875, 0.5, 2.4375, 0.625], "rotation": 90, "texture": "#0"},
				"west": {"uv": [1.6875, 0.6875, 2.4375, 0.8125], "rotation": 270, "texture": "#0"}
			}
		},
		{
			"name": "center",
			"from": [17, 6, 7.6],
			"to": [18, 8, 8.4],
			"rotation": {"angle": 0, "axis": "x", "origin": [0, 8, 8]},
			"faces": {
				"east": {"uv": [2.3125, 0.25, 2.375, 0.375], "texture": "#0"},
				"west": {"uv": [2.375, 0.25, 2.4375, 0.375], "texture": "#0"},
				"down": {"uv": [2.3125, 0.375, 2.375, 0.4375], "texture": "#0"}
			}
		},
		{
			"name": "inner",
			"from": [17, 4.5, 7.3],
			"to": [17.75, 6.5, 8.7],
			"rotation": {"angle": 0, "axis": "x", "origin": [1, 8, 8]},
			"faces": {
				"east": {"uv": [1.9375, 0.3125, 2.0625, 0.5], "texture": "#0"},
				"west": {"uv": [2.0625, 0.3125, 2.1875, 0.5], "texture": "#0"},
				"down": {"uv": [1.9375, 0.25, 2.0625, 0.3125], "rotation": 270, "texture": "#0"}
			}
		},
		{
			"name": "spoke",
			"from": [17, -3.5, 7.75],
			"to": [17.75, 4.5, 8.25],
			"rotation": {"angle": 0, "axis": "x", "origin": [0, 8, 8]},
			"faces": {
				"north": {"uv": [1.75, 0, 1.8125, 0.5], "texture": "#0"},
				"east": {"uv": [1.6875, 0, 1.75, 0.5], "texture": "#0"},
				"south": {"uv": [1.875, 0, 1.9375, 0.5], "texture": "#0"},
				"west": {"uv": [1.8125, 0, 1.875, 0.5], "texture": "#0"}
			}
		},
		{
			"name": "rim",
			"from": [17, -5, 5.4],
			"to": [18, -3.5, 10.6],
			"rotation": {"angle": 0, "axis": "x", "origin": [0, 8, 8]},
			"faces": {
				"east": {"uv": [2.0625, 0, 2.4375, 0.0625], "texture": "#0"},
				"west": {"uv": [2.0625, 0.125, 2.4375, 0.1875], "texture": "#0"},
				"up": {"uv": [2.0625, 0.0625, 2.4375, 0.125], "rotation": 90, "texture": "#0"},
				"down": {"uv": [2.0625, 0.1875, 2.4375, 0.25], "rotation": 270, "texture": "#0"}
			}
		},
		{
			"name": "flange",
			"from": [17, -5.5, 5.3],
			"to": [17.2, -5, 10.7],
			"rotation": {"angle": 0, "axis": "x", "origin": [0, 8, 8]},
			"faces": {
				"east": {"uv": [1.9375, 0.125, 2, 0.1875], "texture": "#0"},
				"west": {"uv": [1.9375, 0, 2, 0.0625], "texture": "#0"},
				"down": {"uv": [1.9375, 0.0625, 2, 0.125], "rotation": 270, "texture": "#0"}
			}
		},
		{
			"name": "center",
			"from": [17, 6, 7.6],
			"to": [18, 8, 8.4],
			"rotation": {"angle": 22.5, "axis": "x", "origin": [0, 8, 8]},
			"faces": {
				"east": {"uv": [2.3125, 0.25, 2.375, 0.375], "texture": "#0"},
				"west": {"uv": [2.375, 0.25, 2.4375, 0.375], "texture": "#0"},
				"down": {"uv": [2.3125, 0.375, 2.375, 0.4375], "texture": "#0"}
			}
		},
		{
			"name": "inner",
			"from": [17, 4.5, 7.3],
			"to": [17.75, 6.5, 8.7],
			"rotation": {"angle": 22.5, "axis": "x", "origin": [0, 8, 8]},
			"faces": {
				"east": {"uv": [1.9375, 0.3125, 2.0625, 0.5], "texture": "#0"},
				"west": {"uv": [2.0625, 0.3125, 2.1875, 0.5], "texture": "#0"},
				"down": {"uv": [1.9375, 0.25, 2.0625, 0.3125], "rotation": 270, "texture": "#0"}
			}
		},
		{
			"name": "spoke",
			"from": [17, -3.5, 7.75],
			"to": [17.75, 4.5, 8.25],
			"rotation": {"angle": 22.5, "axis": "x", "origin": [0, 8, 8]},
			"faces": {
				"north": {"uv": [1.75, 0, 1.8125, 0.5], "texture": "#0"},
				"east": {"uv": [1.6875, 0, 1.75, 0.5], "texture": "#0"},
				"south": {"uv": [1.875, 0, 1.9375, 0.5], "texture": "#0"},
				"west": {"uv": [1.8125, 0, 1.875, 0.5], "texture": "#0"}
			}
		},
		{
			"name": "rim",
			"from": [17, -5, 5.4],
			"to": [18, -3.5, 10.6],
			"rotation": {"angle": 22.5, "axis": "x", "origin": [0, 8, 8]},
			"faces": {
				"east": {"uv": [2.0625, 0, 2.4375, 0.0625], "texture": "#0"},
				"west": {"uv": [2.0625, 0.125, 2.4375, 0.1875], "texture": "#0"},
				"up": {"uv": [2.0625, 0.0625, 2.4375, 0.125], "rotation": 90, "texture": "#0"},
				"down": {"uv": [2.0625, 0.1875, 2.4375, 0.25], "rotation": 270, "texture": "#0"}
			}
		},
		{
			"name": "flange",
			"from": [17, -5.5, 5.3],
			"to": [17.2, -5, 10.7],
			"rotation": {"angle": 22.5, "axis": "x", "origin": [0, 8, 8]},
			"faces": {
				"east": {"uv": [1.9375, 0.125, 2, 0.1875], "texture": "#0"},
				"west": {"uv": [1.9375, 0, 2, 0.0625], "texture": "#0"},
				"down": {"uv": [1.9375, 0.0625, 2, 0.125], "rotation": 270, "texture": "#0"}
			}
		},
		{
			"name": "center",
			"from": [17, 7.6, 6],
			"to": [18, 8.4, 8],
			"rotation": {"angle": -45, "axis": "x", "origin": [0, 8, 8]},
			"faces": {
				"north": {"uv": [2.3125, 0.375, 2.375, 0.4375], "rotation": 180, "texture": "#0"},
				"east": {"uv": [2.375, 0.375, 2.3125, 0.25], "rotation": 90, "texture": "#0"},
				"west": {"uv": [2.4375, 0.375, 2.375, 0.25], "rotation": 270, "texture": "#0"}
			}
		},
		{
			"name": "inner",
			"from": [17, 7.3, 4.5],
			"to": [17.75, 8.7, 6.5],
			"rotation": {"angle": -45, "axis": "x", "origin": [0, 8, 8]},
			"faces": {
				"north": {"uv": [1.9375, 0.25, 2.0625, 0.3125], "rotation": 90, "texture": "#0"},
				"east": {"uv": [2.0625, 0.5, 1.9375, 0.3125], "rotation": 90, "texture": "#0"},
				"west": {"uv": [2.1875, 0.5, 2.0625, 0.3125], "rotation": 270, "texture": "#0"}
			}
		},
		{
			"name": "spoke",
			"from": [17, 7.75, -3.5],
			"to": [17.75, 8.25, 4.5],
			"rotation": {"angle": -45, "axis": "x", "origin": [0, 8, 8]},
			"faces": {
				"east": {"uv": [1.75, 0.5, 1.6875, 0], "rotation": 90, "texture": "#0"},
				"west": {"uv": [1.875, 0.5, 1.8125, 0], "rotation": 270, "texture": "#0"},
				"up": {"uv": [1.75, 0, 1.8125, 0.5], "rotation": 180, "texture": "#0"},
				"down": {"uv": [1.875, 0, 1.9375, 0.5], "texture": "#0"}
			}
		},
		{
			"name": "rim",
			"from": [17, 5.4, -5],
			"to": [18, 10.6, -3.5],
			"rotation": {"angle": -45, "axis": "x", "origin": [0, 8, 8]},
			"faces": {
				"north": {"uv": [2.0625, 0.1875, 2.4375, 0.25], "rotation": 90, "texture": "#0"},
				"east": {"uv": [2.4375, 0.0625, 2.0625, 0], "rotation": 90, "texture": "#0"},
				"south": {"uv": [2.0625, 0.0625, 2.4375, 0.125], "rotation": 90, "texture": "#0"},
				"west": {"uv": [2.4375, 0.1875, 2.0625, 0.125], "rotation": 270, "texture": "#0"}
			}
		},
		{
			"name": "flange",
			"from": [17, 5.3, -5.5],
			"to": [17.2, 10.7, -5],
			"rotation": {"angle": -45, "axis": "x", "origin": [0, 8, 8]},
			"faces": {
				"north": {"uv": [1.9375, 0.0625, 2, 0.125], "rotation": 90, "texture": "#0"},
				"east": {"uv": [2, 0.1875, 1.9375, 0.125], "rotation": 90, "texture": "#0"},
				"west": {"uv": [2, 0.0625, 1.9375, 0], "rotation": 270, "texture": "#0"}
			}
		},
		{
			"name": "center",
			"from": [17, 7.6, 6],
			"to": [18, 8.4, 8],
			"rotation": {"angle": -22.5, "axis": "x", "origin": [0, 8, 8]},
			"faces": {
				"north": {"uv": [2.3125, 0.375, 2.375, 0.4375], "rotation": 180, "texture": "#0"},
				"east": {"uv": [2.3125, 0.25, 2.375, 0.375], "rotation": 270, "texture": "#0"},
				"west": {"uv": [2.375, 0.25, 2.4375, 0.375], "rotation": 90, "texture": "#0"}
			}
		},
		{
			"name": "inner",
			"from": [17, 7.3, 4.5],
			"to": [17.75, 8.7, 6.5],
			"rotation": {"angle": -22.5, "axis": "x", "origin": [0, 8, 8]},
			"faces": {
				"north": {"uv": [1.9375, 0.25, 2.0625, 0.3125], "rotation": 90, "texture": "#0"},
				"east": {"uv": [1.9375, 0.3125, 2.0625, 0.5], "rotation": 270, "texture": "#0"},
				"west": {"uv": [2.0625, 0.3125, 2.1875, 0.5], "rotation": 90, "texture": "#0"}
			}
		},
		{
			"name": "spoke",
			"from": [17, 7.75, -3.5],
			"to": [17.75, 8.25, 4.5],
			"rotation": {"angle": -22.5, "axis": "x", "origin": [0, 8, 8]},
			"faces": {
				"east": {"uv": [1.6875, 0, 1.75, 0.5], "rotation": 270, "texture": "#0"},
				"west": {"uv": [1.8125, 0, 1.875, 0.5], "rotation": 90, "texture": "#0"},
				"up": {"uv": [1.75, 0, 1.8125, 0.5], "rotation": 180, "texture": "#0"},
				"down": {"uv": [1.875, 0, 1.9375, 0.5], "texture": "#0"}
			}
		},
		{
			"name": "rim",
			"from": [17, 5.4, -5],
			"to": [18, 10.6, -3.5],
			"rotation": {"angle": -22.5, "axis": "x", "origin": [0, 8, 8]},
			"faces": {
				"north": {"uv": [2.0625, 0.1875, 2.4375, 0.25], "rotation": 90, "texture": "#0"},
				"east": {"uv": [2.0625, 0, 2.4375, 0.0625], "rotation": 270, "texture": "#0"},
				"south": {"uv": [2.0625, 0.0625, 2.4375, 0.125], "rotation": 90, "texture": "#0"},
				"west": {"uv": [2.0625, 0.125, 2.4375, 0.1875], "rotation": 90, "texture": "#0"}
			}
		},
		{
			"name": "flange",
			"from": [17, 5.3, -5.5],
			"to": [17.2, 10.7, -5],
			"rotation": {"angle": -22.5, "axis": "x", "origin": [0, 8, 8]},
			"faces": {
				"north": {"uv": [1.9375, 0.0625, 2, 0.125], "rotation": 90, "texture": "#0"},
				"east": {"uv": [1.9375, 0.125, 2, 0.1875], "rotation": 270, "texture": "#0"},
				"west": {"uv": [1.9375, 0, 2, 0.0625], "rotation": 90, "texture": "#0"}
			}
		},
		{
			"name": "center",
			"from": [17, 7.6, 6],
			"to": [18, 8.4, 8],
			"rotation": {"angle": 0, "axis": "x", "origin": [0, 8, 8]},
			"faces": {
				"north": {"uv": [2.3125, 0.375, 2.375, 0.4375], "rotation": 180, "texture": "#0"},
				"east": {"uv": [2.3125, 0.25, 2.375, 0.375], "rotation": 270, "texture": "#0"},
				"west": {"uv": [2.375, 0.25, 2.4375, 0.375], "rotation": 90, "texture": "#0"}
			}
		},
		{
			"name": "inner",
			"from": [17, 7.3, 4.5],
			"to": [17.75, 8.7, 6.5],
			"rotation": {"angle": 0, "axis": "x", "origin": [0, 8, 8]},
			"faces": {
				"north": {"uv": [1.9375, 0.25, 2.0625, 0.3125], "rotation": 90, "texture": "#0"},
				"east": {"uv": [1.9375, 0.3125, 2.0625, 0.5], "rotation": 270, "texture": "#0"},
				"west": {"uv": [2.0625, 0.3125, 2.1875, 0.5], "rotation": 90, "texture": "#0"}
			}
		},
		{
			"name": "spoke",
			"from": [17, 7.75, -3.5],
			"to": [17.75, 8.25, 4.5],
			"rotation": {"angle": 0, "axis": "x", "origin": [0, 8, 8]},
			"faces": {
				"east": {"uv": [1.6875, 0, 1.75, 0.5], "rotation": 270, "texture": "#0"},
				"west": {"uv": [1.8125, 0, 1.875, 0.5], "rotation": 90, "texture": "#0"},
				"up": {"uv": [1.75, 0, 1.8125, 0.5], "rotation": 180, "texture": "#0"},
				"down": {"uv": [1.875, 0, 1.9375, 0.5], "texture": "#0"}
			}
		},
		{
			"name": "rim",
			"from": [17, 5.4, -5],
			"to": [18, 10.6, -3.5],
			"rotation": {"angle": 0, "axis": "x", "origin": [0, 8, 8]},
			"faces": {
				"north": {"uv": [2.0625, 0.1875, 2.4375, 0.25], "rotation": 90, "texture": "#0"},
				"east": {"uv": [2.0625, 0, 2.4375, 0.0625], "rotation": 270, "texture": "#0"},
				"south": {"uv": [2.0625, 0.0625, 2.4375, 0.125], "rotation": 90, "texture": "#0"},
				"west": {"uv": [2.0625, 0.125, 2.4375, 0.1875], "rotation": 90, "texture": "#0"}
			}
		},
		{
			"name": "flange",
			"from": [17, 5.3, -5.5],
			"to": [17.2, 10.7, -5],
			"rotation": {"angle": 0, "axis": "x", "origin": [0, 8, 8]},
			"faces": {
				"north": {"uv": [1.9375, 0.0625, 2, 0.125], "rotation": 90, "texture": "#0"},
				"east": {"uv": [1.9375, 0.125, 2, 0.1875], "rotation": 270, "texture": "#0"},
				"west": {"uv": [1.9375, 0, 2, 0.0625], "rotation": 90, "texture": "#0"}
			}
		},
		{
			"name": "center",
			"from": [17, 7.6, 6],
			"to": [18, 8.4, 8],
			"rotation": {"angle": 22.5, "axis": "x", "origin": [0, 8, 8]},
			"faces": {
				"north": {"uv": [2.3125, 0.375, 2.375, 0.4375], "rotation": 180, "texture": "#0"},
				"east": {"uv": [2.3125, 0.25, 2.375, 0.375], "rotation": 270, "texture": "#0"},
				"west": {"uv": [2.375, 0.25, 2.4375, 0.375], "rotation": 90, "texture": "#0"}
			}
		},
		{
			"name": "inner",
			"from": [17, 7.3, 4.5],
			"to": [17.75, 8.7, 6.5],
			"rotation": {"angle": 22.5, "axis": "x", "origin": [0, 8, 8]},
			"faces": {
				"north": {"uv": [1.9375, 0.25, 2.0625, 0.3125], "rotation": 90, "texture": "#0"},
				"east": {"uv": [1.9375, 0.3125, 2.0625, 0.5], "rotation": 270, "texture": "#0"},
				"west": {"uv": [2.0625, 0.3125, 2.1875, 0.5], "rotation": 90, "texture": "#0"}
			}
		},
		{
			"name": "spoke",
			"from": [17, 7.75, -3.5],
			"to": [17.75, 8.25, 4.5],
			"rotation": {"angle": 22.5, "axis": "x", "origin": [0, 8, 8]},
			"faces": {
				"east": {"uv": [1.6875, 0, 1.75, 0.5], "rotation": 270, "texture": "#0"},
				"west": {"uv": [1.8125, 0, 1.875, 0.5], "rotation": 90, "texture": "#0"},
				"up": {"uv": [1.75, 0, 1.8125, 0.5], "rotation": 180, "texture": "#0"},
				"down": {"uv": [1.875, 0, 1.9375, 0.5], "texture": "#0"}
			}
		},
		{
			"name": "rim",
			"from": [17, 5.4, -5],
			"to": [18, 10.6, -3.5],
			"rotation": {"angle": 22.5, "axis": "x", "origin": [0, 8, 8]},
			"faces": {
				"north": {"uv": [2.0625, 0.1875, 2.4375, 0.25], "rotation": 90, "texture": "#0"},
				"east": {"uv": [2.0625, 0, 2.4375, 0.0625], "rotation": 270, "texture": "#0"},
				"south": {"uv": [2.0625, 0.0625, 2.4375, 0.125], "rotation": 90, "texture": "#0"},
				"west": {"uv": [2.0625, 0.125, 2.4375, 0.1875], "rotation": 90, "texture": "#0"}
			}
		},
		{
			"name": "flange",
			"from": [17, 5.3, -5.5],
			"to": [17.2, 10.7, -5],
			"rotation": {"angle": 22.5, "axis": "x", "origin": [0, 8, 8]},
			"faces": {
				"north": {"uv": [1.9375, 0.0625, 2, 0.125], "rotation": 90, "texture": "#0"},
				"east": {"uv": [1.9375, 0.125, 2, 0.1875], "rotation": 270, "texture": "#0"},
				"west": {"uv": [1.9375, 0, 2, 0.0625], "rotation": 90, "texture": "#0"}
			}
		},
		{
			"name": "center",
			"from": [17, 8, 7.6],
			"to": [18, 10, 8.4],
			"rotation": {"angle": -45, "axis": "x", "origin": [0, 8, 8]},
			"faces": {
				"east": {"uv": [2.375, 0.375, 2.3125, 0.25], "texture": "#0"},
				"west": {"uv": [2.4375, 0.375, 2.375, 0.25], "texture": "#0"},
				"up": {"uv": [2.3125, 0.375, 2.375, 0.4375], "texture": "#0"}
			}
		},
		{
			"name": "inner",
			"from": [17, 9.5, 7.3],
			"to": [17.75, 11.5, 8.7],
			"rotation": {"angle": -45, "axis": "x", "origin": [0, 8, 8]},
			"faces": {
				"east": {"uv": [2.0625, 0.5, 1.9375, 0.3125], "texture": "#0"},
				"west": {"uv": [2.1875, 0.5, 2.0625, 0.3125], "texture": "#0"},
				"up": {"uv": [1.9375, 0.25, 2.0625, 0.3125], "rotation": 270, "texture": "#0"}
			}
		},
		{
			"name": "spoke",
			"from": [17, 11.5, 7.75],
			"to": [17.75, 19.5, 8.25],
			"rotation": {"angle": -45, "axis": "x", "origin": [0, 8, 8]},
			"faces": {
				"north": {"uv": [1.875, 0, 1.9375, 0.5], "rotation": 180, "texture": "#0"},
				"east": {"uv": [1.75, 0.5, 1.6875, 0], "texture": "#0"},
				"south": {"uv": [1.75, 0, 1.8125, 0.5], "rotation": 180, "texture": "#0"},
				"west": {"uv": [1.875, 0.5, 1.8125, 0], "texture": "#0"}
			}
		},
		{
			"name": "rim",
			"from": [17, 19.5, 5.4],
			"to": [18, 21, 10.6],
			"rotation": {"angle": -45, "axis": "x", "origin": [0, 8, 8]},
			"faces": {
				"east": {"uv": [2.4375, 0.0625, 2.0625, 0], "texture": "#0"},
				"west": {"uv": [2.4375, 0.1875, 2.0625, 0.125], "texture": "#0"},
				"up": {"uv": [2.0625, 0.1875, 2.4375, 0.25], "rotation": 270, "texture": "#0"},
				"down": {"uv": [2.0625, 0.0625, 2.4375, 0.125], "rotation": 90, "texture": "#0"}
			}
		},
		{
			"name": "flange",
			"from": [17, 21, 5.3],
			"to": [17.2, 21.5, 10.7],
			"rotation": {"angle": -45, "axis": "x", "origin": [0, 8, 8]},
			"faces": {
				"east": {"uv": [2, 0.1875, 1.9375, 0.125], "texture": "#0"},
				"west": {"uv": [2, 0.0625, 1.9375, 0], "texture": "#0"},
				"up": {"uv": [1.9375, 0.0625, 2, 0.125], "rotation": 270, "texture": "#0"}
			}
		},
		{
			"name": "center",
			"from": [17, 8, 7.6],
			"to": [18, 10, 8.4],
			"rotation": {"angle": -22.5, "axis": "x", "origin": [0, 8, 8]},
			"faces": {
				"east": {"uv": [2.3125, 0.25, 2.375, 0.375], "rotation": 180, "texture": "#0"},
				"west": {"uv": [2.375, 0.25, 2.4375, 0.375], "rotation": 180, "texture": "#0"},
				"up": {"uv": [2.3125, 0.375, 2.375, 0.4375], "texture": "#0"}
			}
		},
		{
			"name": "inner",
			"from": [17, 9.5, 7.3],
			"to": [17.75, 11.5, 8.7],
			"rotation": {"angle": -22.5, "axis": "x", "origin": [0, 8, 8]},
			"faces": {
				"east": {"uv": [1.9375, 0.3125, 2.0625, 0.5], "rotation": 180, "texture": "#0"},
				"west": {"uv": [2.0625, 0.3125, 2.1875, 0.5], "rotation": 180, "texture": "#0"},
				"up": {"uv": [1.9375, 0.25, 2.0625, 0.3125], "rotation": 270, "texture": "#0"}
			}
		},
		{
			"name": "spoke",
			"from": [17, 11.5, 7.75],
			"to": [17.75, 19.5, 8.25],
			"rotation": {"angle": -22.5, "axis": "x", "origin": [0, 8, 8]},
			"faces": {
				"north": {"uv": [1.875, 0, 1.9375, 0.5], "rotation": 180, "texture": "#0"},
				"east": {"uv": [1.6875, 0, 1.75, 0.5], "rotation": 180, "texture": "#0"},
				"south": {"uv": [1.75, 0, 1.8125, 0.5], "rotation": 180, "texture": "#0"},
				"west": {"uv": [1.8125, 0, 1.875, 0.5], "rotation": 180, "texture": "#0"}
			}
		},
		{
			"name": "rim",
			"from": [17, 19.5, 5.4],
			"to": [18, 21, 10.6],
			"rotation": {"angle": -22.5, "axis": "x", "origin": [0, 8, 8]},
			"faces": {
				"east": {"uv": [2.0625, 0, 2.4375, 0.0625], "rotation": 180, "texture": "#0"},
				"west": {"uv": [2.0625, 0.125, 2.4375, 0.1875], "rotation": 180, "texture": "#0"},
				"up": {"uv": [2.0625, 0.1875, 2.4375, 0.25], "rotation": 270, "texture": "#0"},
				"down": {"uv": [2.0625, 0.0625, 2.4375, 0.125], "rotation": 90, "texture": "#0"}
			}
		},
		{
			"name": "flange",
			"from": [17, 21, 5.3],
			"to": [17.2, 21.5, 10.7],
			"rotation": {"angle": -22.5, "axis": "x", "origin": [0, 8, 8]},
			"faces": {
				"east": {"uv": [1.9375, 0.125, 2, 0.1875], "rotation": 180, "texture": "#0"},
				"west": {"uv": [1.9375, 0, 2, 0.0625], "rotation": 180, "texture": "#0"},
				"up": {"uv": [1.9375, 0.0625, 2, 0.125], "rotation": 270, "texture": "#0"}
			}
		},
		{
			"name": "center",
			"from": [17, 8, 7.6],
			"to": [18, 10, 8.4],
			"rotation": {"angle": 0, "axis": "x", "origin": [0, 8, 8]},
			"faces": {
				"east": {"uv": [2.3125, 0.25, 2.375, 0.375], "rotation": 180, "texture": "#0"},
				"west": {"uv": [2.375, 0.25, 2.4375, 0.375], "rotation": 180, "texture": "#0"},
				"up": {"uv": [2.3125, 0.375, 2.375, 0.4375], "texture": "#0"}
			}
		},
		{
			"name": "inner",
			"from": [17, 9.5, 7.3],
			"to": [17.75, 11.5, 8.7],
			"rotation": {"angle": 0, "axis": "x", "origin": [0, 8, 8]},
			"faces": {
				"east": {"uv": [1.9375, 0.3125, 2.0625, 0.5], "rotation": 180, "texture": "#0"},
				"west": {"uv": [2.0625, 0.3125, 2.1875, 0.5], "rotation": 180, "texture": "#0"},
				"up": {"uv": [1.9375, 0.25, 2.0625, 0.3125], "rotation": 270, "texture": "#0"}
			}
		},
		{
			"name": "spoke",
			"from": [17, 11.5, 7.75],
			"to": [17.75, 19.5, 8.25],
			"rotation": {"angle": 0, "axis": "x", "origin": [0, 8, 8]},
			"faces": {
				"north": {"uv": [1.875, 0, 1.9375, 0.5], "rotation": 180, "texture": "#0"},
				"east": {"uv": [1.6875, 0, 1.75, 0.5], "rotation": 180, "texture": "#0"},
				"south": {"uv": [1.75, 0, 1.8125, 0.5], "rotation": 180, "texture": "#0"},
				"west": {"uv": [1.8125, 0, 1.875, 0.5], "rotation": 180, "texture": "#0"}
			}
		},
		{
			"name": "rim",
			"from": [17, 19.5, 5.4],
			"to": [18, 21, 10.6],
			"rotation": {"angle": 0, "axis": "x", "origin": [0, 8, 8]},
			"faces": {
				"east": {"uv": [2.0625, 0, 2.4375, 0.0625], "rotation": 180, "texture": "#0"},
				"west": {"uv": [2.0625, 0.125, 2.4375, 0.1875], "rotation": 180, "texture": "#0"},
				"up": {"uv": [2.0625, 0.1875, 2.4375, 0.25], "rotation": 270, "texture": "#0"},
				"down": {"uv": [2.0625, 0.0625, 2.4375, 0.125], "rotation": 90, "texture": "#0"}
			}
		},
		{
			"name": "flange",
			"from": [17, 21, 5.3],
			"to": [17.2, 21.5, 10.7],
			"rotation": {"angle": 0, "axis": "x", "origin": [0, 8, 8]},
			"faces": {
				"east": {"uv": [1.9375, 0.125, 2, 0.1875], "rotation": 180, "texture": "#0"},
				"west": {"uv": [1.9375, 0, 2, 0.0625], "rotation": 180, "texture": "#0"},
				"up": {"uv": [1.9375, 0.0625, 2, 0.125], "rotation": 270, "texture": "#0"}
			}
		},
		{
			"name": "center",
			"from": [17, 8, 7.6],
			"to": [18, 10, 8.4],
			"rotation": {"angle": 22.5, "axis": "x", "origin": [0, 8, 8]},
			"faces": {
				"east": {"uv": [2.3125, 0.25, 2.375, 0.375], "rotation": 180, "texture": "#0"},
				"west": {"uv": [2.375, 0.25, 2.4375, 0.375], "rotation": 180, "texture": "#0"},
				"up": {"uv": [2.3125, 0.375, 2.375, 0.4375], "texture": "#0"}
			}
		},
		{
			"name": "inner",
			"from": [17, 9.5, 7.3],
			"to": [17.75, 11.5, 8.7],
			"rotation": {"angle": 22.5, "axis": "x", "origin": [0, 8, 8]},
			"faces": {
				"east": {"uv": [1.9375, 0.3125, 2.0625, 0.5], "rotation": 180, "texture": "#0"},
				"west": {"uv": [2.0625, 0.3125, 2.1875, 0.5], "rotation": 180, "texture": "#0"},
				"up": {"uv": [1.9375, 0.25, 2.0625, 0.3125], "rotation": 270, "texture": "#0"}
			}
		},
		{
			"name": "spoke",
			"from": [17, 11.5, 7.75],
			"to": [17.75, 19.5, 8.25],
			"rotation": {"angle": 22.5, "axis": "x", "origin": [0, 8, 8]},
			"faces": {
				"north": {"uv": [1.875, 0, 1.9375, 0.5], "rotation": 180, "texture": "#0"},
				"east": {"uv": [1.6875, 0, 1.75, 0.5], "rotation": 180, "texture": "#0"},
				"south": {"uv": [1.75, 0, 1.8125, 0.5], "rotation": 180, "texture": "#0"},
				"west": {"uv": [1.8125, 0, 1.875, 0.5], "rotation": 180, "texture": "#0"}
			}
		},
		{
			"name": "rim",
			"from": [17, 19.5, 5.4],
			"to": [18, 21, 10.6],
			"rotation": {"angle": 22.5, "axis": "x", "origin": [0, 8, 8]},
			"faces": {
				"east": {"uv": [2.0625, 0, 2.4375, 0.0625], "rotation": 180, "texture": "#0"},
				"west": {"uv": [2.0625, 0.125, 2.4375, 0.1875], "rotation": 180, "texture": "#0"},
				"up": {"uv": [2.0625, 0.1875, 2.4375, 0.25], "rotation": 270, "texture": "#0"},
				"down": {"uv": [2.0625, 0.0625, 2.4375, 0.125], "rotation": 90, "texture": "#0"}
			}
		},
		{
			"name": "flange",
			"from": [17, 21, 5.3],
			"to": [17.2, 21.5, 10.7],
			"rotation": {"angle": 22.5, "axis": "x", "origin": [0, 8, 8]},
			"faces": {
				"east": {"uv": [1.9375, 0.125, 2, 0.1875], "rotation": 180, "texture": "#0"},
				"west": {"uv": [1.9375, 0, 2, 0.0625], "rotation": 180, "texture": "#0"},
				"up": {"uv": [1.9375, 0.0625, 2, 0.125], "rotation": 270, "texture": "#0"}
			}
		},
		{
			"name": "center",
			"from": [17, 7.6, 8],
			"to": [18, 8.4, 10],
			"rotation": {"angle": -45, "axis": "x", "origin": [0, 8, 8]},
			"faces": {
				"east": {"uv": [2.375, 0.375, 2.3125, 0.25], "rotation": 270, "texture": "#0"},
				"south": {"uv": [2.3125, 0.375, 2.375, 0.4375], "texture": "#0"},
				"west": {"uv": [2.4375, 0.375, 2.375, 0.25], "rotation": 90, "texture": "#0"}
			}
		},
		{
			"name": "inner",
			"from": [17, 7.3, 9.5],
			"to": [17.75, 8.7, 11.5],
			"rotation": {"angle": -45, "axis": "x", "origin": [0, 8, 8]},
			"faces": {
				"east": {"uv": [2.0625, 0.5, 1.9375, 0.3125], "rotation": 270, "texture": "#0"},
				"south": {"uv": [1.9375, 0.25, 2.0625, 0.3125], "rotation": 270, "texture": "#0"},
				"west": {"uv": [2.1875, 0.5, 2.0625, 0.3125], "rotation": 90, "texture": "#0"}
			}
		},
		{
			"name": "spoke",
			"from": [17, 7.75, 11.5],
			"to": [17.75, 8.25, 19.5],
			"rotation": {"angle": -45, "axis": "x", "origin": [0, 8, 8]},
			"faces": {
				"east": {"uv": [1.75, 0.5, 1.6875, 0], "rotation": 270, "texture": "#0"},
				"west": {"uv": [1.875, 0.5, 1.8125, 0], "rotation": 90, "texture": "#0"},
				"up": {"uv": [1.875, 0, 1.9375, 0.5], "texture": "#0"},
				"down": {"uv": [1.75, 0, 1.8125, 0.5], "rotation": 180, "texture": "#0"}
			}
		},
		{
			"name": "rim",
			"from": [17, 5.4, 19.5],
			"to": [18, 10.6, 21],
			"rotation": {"angle": -45, "axis": "x", "origin": [0, 8, 8]},
			"faces": {
				"north": {"uv": [2.0625, 0.0625, 2.4375, 0.125], "rotation": 270, "texture": "#0"},
				"east": {"uv": [2.4375, 0.0625, 2.0625, 0], "rotation": 270, "texture": "#0"},
				"south": {"uv": [2.0625, 0.1875, 2.4375, 0.25], "rotation": 270, "texture": "#0"},
				"west": {"uv": [2.4375, 0.1875, 2.0625, 0.125], "rotation": 90, "texture": "#0"}
			}
		},
		{
			"name": "flange",
			"from": [17, 5.3, 21],
			"to": [17.2, 10.7, 21.5],
			"rotation": {"angle": -45, "axis": "x", "origin": [0, 8, 8]},
			"faces": {
				"east": {"uv": [2, 0.1875, 1.9375, 0.125], "rotation": 270, "texture": "#0"},
				"south": {"uv": [1.9375, 0.0625, 2, 0.125], "rotation": 270, "texture": "#0"},
				"west": {"uv": [2, 0.0625, 1.9375, 0], "rotation": 90, "texture": "#0"}
			}
		},
		{
			"name": "center",
			"from": [17, 7.6, 8],
			"to": [18, 8.4, 10],
			"rotation": {"angle": -22.5, "axis": "x", "origin": [0, 8, 8]},
			"faces": {
				"east": {"uv": [2.3125, 0.25, 2.375, 0.375], "rotation": 90, "texture": "#0"},
				"south": {"uv": [2.3125, 0.375, 2.375, 0.4375], "texture": "#0"},
				"west": {"uv": [2.375, 0.25, 2.4375, 0.375], "rotation": 270, "texture": "#0"}
			}
		},
		{
			"name": "inner",
			"from": [17, 7.3, 9.5],
			"to": [17.75, 8.7, 11.5],
			"rotation": {"angle": -22.5, "axis": "x", "origin": [0, 8, 8]},
			"faces": {
				"east": {"uv": [1.9375, 0.3125, 2.0625, 0.5], "rotation": 90, "texture": "#0"},
				"south": {"uv": [1.9375, 0.25, 2.0625, 0.3125], "rotation": 270, "texture": "#0"},
				"west": {"uv": [2.0625, 0.3125, 2.1875, 0.5], "rotation": 270, "texture": "#0"}
			}
		},
		{
			"name": "spoke",
			"from": [17, 7.75, 11.5],
			"to": [17.75, 8.25, 19.5],
			"rotation": {"angle": -22.5, "axis": "x", "origin": [0, 8, 8]},
			"faces": {
				"east": {"uv": [1.6875, 0, 1.75, 0.5], "rotation": 90, "texture": "#0"},
				"west": {"uv": [1.8125, 0, 1.875, 0.5], "rotation": 270, "texture": "#0"},
				"up": {"uv": [1.875, 0, 1.9375, 0.5], "texture": "#0"},
				"down": {"uv": [1.75, 0, 1.8125, 0.5], "rotation": 180, "texture": "#0"}
			}
		},
		{
			"name": "rim",
			"from": [17, 5.4, 19.5],
			"to": [18, 10.6, 21],
			"rotation": {"angle": -22.5, "axis": "x", "origin": [0, 8, 8]},
			"faces": {
				"north": {"uv": [2.0625, 0.0625, 2.4375, 0.125], "rotation": 270, "texture": "#0"},
				"east": {"uv": [2.0625, 0, 2.4375, 0.0625], "rotation": 90, "texture": "#0"},
				"south": {"uv": [2.0625, 0.1875, 2.4375, 0.25], "rotation": 270, "texture": "#0"},
				"west": {"uv": [2.0625, 0.125, 2.4375, 0.1875], "rotation": 270, "texture": "#0"}
			}
		},
		{
			"name": "flange",
			"from": [17, 5.3, 21],
			"to": [17.2, 10.7, 21.5],
			"rotation": {"angle": -22.5, "axis": "x", "origin": [0, 8, 8]},
			"faces": {
				"east": {"uv": [1.9375, 0.125, 2, 0.1875], "rotation": 90, "texture": "#0"},
				"south": {"uv": [1.9375, 0.0625, 2, 0.125], "rotation": 270, "texture": "#0"},
				"west": {"uv": [1.9375, 0, 2, 0.0625], "rotation": 270, "texture": "#0"}
			}
		},
		{
			"name": "center",
			"from": [17, 7.6, 8],
			"to": [18, 8.4, 10],
			"rotation": {"angle": 0, "axis": "x", "origin": [0, 8, 8]},
			"faces": {
				"east": {"uv": [2.3125, 0.25, 2.375, 0.375], "rotation": 90, "texture": "#0"},
				"south": {"uv": [2.3125, 0.375, 2.375, 0.4375], "texture": "#0"},
				"west": {"uv": [2.375, 0.25, 2.4375, 0.375], "rotation": 270, "texture": "#0"}
			}
		},
		{
			"name": "inner",
			"from": [17, 7.3, 9.5],
			"to": [17.75, 8.7, 11.5],
			"rotation": {"angle": 0, "axis": "x", "origin": [0, 8, 8]},
			"faces": {
				"east": {"uv": [1.9375, 0.3125, 2.0625, 0.5], "rotation": 90, "texture": "#0"},
				"south": {"uv": [1.9375, 0.25, 2.0625, 0.3125], "rotation": 270, "texture": "#0"},
				"west": {"uv": [2.0625, 0.3125, 2.1875, 0.5], "rotation": 270, "texture": "#0"}
			}
		},
		{
			"name": "spoke",
			"from": [17, 7.75, 11.5],
			"to": [17.75, 8.25, 19.5],
			"rotation": {"angle": 0, "axis": "x", "origin": [0, 8, 8]},
			"faces": {
				"east": {"uv": [1.6875, 0, 1.75, 0.5], "rotation": 90, "texture": "#0"},
				"west": {"uv": [1.8125, 0, 1.875, 0.5], "rotation": 270, "texture": "#0"},
				"up": {"uv": [1.875, 0, 1.9375, 0.5], "texture": "#0"},
				"down": {"uv": [1.75, 0, 1.8125, 0.5], "rotation": 180, "texture": "#0"}
			}
		},
		{
			"name": "rim",
			"from": [17, 5.4, 19.5],
			"to": [18, 10.6, 21],
			"rotation": {"angle": 0, "axis": "x", "origin": [0, 8, 8]},
			"faces": {
				"north": {"uv": [2.0625, 0.0625, 2.4375, 0.125], "rotation": 270, "texture": "#0"},
				"east": {"uv": [2.0625, 0, 2.4375, 0.0625], "rotation": 90, "texture": "#0"},
				"south": {"uv": [2.0625, 0.1875, 2.4375, 0.25], "rotation": 270, "texture": "#0"},
				"west": {"uv": [2.0625, 0.125, 2.4375, 0.1875], "rotation": 270, "texture": "#0"}
			}
		},
		{
			"name": "flange",
			"from": [17, 5.3, 21],
			"to": [17.2, 10.7, 21.5],
			"rotation": {"angle": 0, "axis": "x", "origin": [0, 8, 8]},
			"faces": {
				"east": {"uv": [1.9375, 0.125, 2, 0.1875], "rotation": 90, "texture": "#0"},
				"south": {"uv": [1.9375, 0.0625, 2, 0.125], "rotation": 270, "texture": "#0"},
				"west": {"uv": [1.9375, 0, 2, 0.0625], "rotation": 270, "texture": "#0"}
			}
		},
		{
			"name": "center",
			"from": [17, 7.6, 8],
			"to": [18, 8.4, 10],
			"rotation": {"angle": 22.5, "axis": "x", "origin": [0, 8, 8]},
			"faces": {
				"east": {"uv": [2.3125, 0.25, 2.375, 0.375], "rotation": 90, "texture": "#0"},
				"south": {"uv": [2.3125, 0.375, 2.375, 0.4375], "texture": "#0"},
				"west": {"uv": [2.375, 0.25, 2.4375, 0.375], "rotation": 270, "texture": "#0"}
			}
		},
		{
			"name": "inner",
			"from": [17, 7.3, 9.5],
			"to": [17.75, 8.7, 11.5],
			"rotation": {"angle": 22.5, "axis": "x", "origin": [0, 8, 8]},
			"faces": {
				"east": {"uv": [1.9375, 0.3125, 2.0625, 0.5], "rotation": 90, "texture": "#0"},
				"south": {"uv": [1.9375, 0.25, 2.0625, 0.3125], "rotation": 270, "texture": "#0"},
				"west": {"uv": [2.0625, 0.3125, 2.1875, 0.5], "rotation": 270, "texture": "#0"}
			}
		},
		{
			"name": "spoke",
			"from": [17, 7.75, 11.5],
			"to": [17.75, 8.25, 19.5],
			"rotation": {"angle": 22.5, "axis": "x", "origin": [0, 8, 8]},
			"faces": {
				"east": {"uv": [1.6875, 0, 1.75, 0.5], "rotation": 90, "texture": "#0"},
				"west": {"uv": [1.8125, 0, 1.875, 0.5], "rotation": 270, "texture": "#0"},
				"up": {"uv": [1.875, 0, 1.9375, 0.5], "texture": "#0"},
				"down": {"uv": [1.75, 0, 1.8125, 0.5], "rotation": 180, "texture": "#0"}
			}
		},
		{
			"name": "rim",
			"from": [17, 5.4, 19.5],
			"to": [18, 10.6, 21],
			"rotation": {"angle": 22.5, "axis": "x", "origin": [0, 8, 8]},
			"faces": {
				"north": {"uv": [2.0625, 0.0625, 2.4375, 0.125], "rotation": 270, "texture": "#0"},
				"east": {"uv": [2.0625, 0, 2.4375, 0.0625], "rotation": 90, "texture": "#0"},
				"south": {"uv": [2.0625, 0.1875, 2.4375, 0.25], "rotation": 270, "texture": "#0"},
				"west": {"uv": [2.0625, 0.125, 2.4375, 0.1875], "rotation": 270, "texture": "#0"}
			}
		},
		{
			"name": "flange",
			"from": [17, 5.3, 21],
			"to": [17.2, 10.7, 21.5],
			"rotation": {"angle": 22.5, "axis": "x", "origin": [0, 8, 8]},
			"faces": {
				"east": {"uv": [1.9375, 0.125, 2, 0.1875], "rotation": 90, "texture": "#0"},
				"south": {"uv": [1.9375, 0.0625, 2, 0.125], "rotation": 270, "texture": "#0"},
				"west": {"uv": [1.9375, 0, 2, 0.0625], "rotation": 270, "texture": "#0"}
			}
		},
		{
			"name": "center",
			"from": [17, 6, 7.6],
			"to": [18, 8, 8.4],
			"rotation": {"angle": -45, "axis": "x", "origin": [0, 8, 8]},
			"faces": {
				"east": {"uv": [2.375, 0.375, 2.3125, 0.25], "rotation": 180, "texture": "#0"},
				"west": {"uv": [2.4375, 0.375, 2.375, 0.25], "rotation": 180, "texture": "#0"},
				"down": {"uv": [2.3125, 0.375, 2.375, 0.4375], "texture": "#0"}
			}
		},
		{
			"name": "inner",
			"from": [17, 4.5, 7.3],
			"to": [17.75, 6.5, 8.7],
			"rotation": {"angle": -45, "axis": "x", "origin": [0, 8, 8]},
			"faces": {
				"east": {"uv": [2.0625, 0.5, 1.9375, 0.3125], "rotation": 180, "texture": "#0"},
				"west": {"uv": [2.1875, 0.5, 2.0625, 0.3125], "rotation": 180, "texture": "#0"},
				"down": {"uv": [1.9375, 0.25, 2.0625, 0.3125], "rotation": 270, "texture": "#0"}
			}
		},
		{
			"name": "spoke",
			"from": [17, -3.5, 7.75],
			"to": [17.75, 4.5, 8.25],
			"rotation": {"angle": -45, "axis": "x", "origin": [0, 8, 8]},
			"faces": {
				"north": {"uv": [1.75, 0, 1.8125, 0.5], "texture": "#0"},
				"east": {"uv": [1.75, 0.5, 1.6875, 0], "rotation": 180, "texture": "#0"},
				"south": {"uv": [1.875, 0, 1.9375, 0.5], "texture": "#0"},
				"west": {"uv": [1.875, 0.5, 1.8125, 0], "rotation": 180, "texture": "#0"}
			}
		},
		{
			"name": "rim",
			"from": [17, -5, 5.4],
			"to": [18, -3.5, 10.6],
			"rotation": {"angle": -45, "axis": "x", "origin": [0, 8, 8]},
			"faces": {
				"east": {"uv": [2.4375, 0.0625, 2.0625, 0], "rotation": 180, "texture": "#0"},
				"west": {"uv": [2.4375, 0.1875, 2.0625, 0.125], "rotation": 180, "texture": "#0"},
				"up": {"uv": [2.0625, 0.0625, 2.4375, 0.125], "rotation": 90, "texture": "#0"},
				"down": {"uv": [2.0625, 0.1875, 2.4375, 0.25], "rotation": 270, "texture": "#0"}
			}
		},
		{
			"name": "flange",
			"from": [17, -5.5, 5.3],
			"to": [17.2, -5, 10.7],
			"rotation": {"angle": -45, "axis": "x", "origin": [0, 8, 8]},
			"faces": {
				"east": {"uv": [2, 0.1875, 1.9375, 0.125], "rotation": 180, "texture": "#0"},
				"west": {"uv": [2, 0.0625, 1.9375, 0], "rotation": 180, "texture": "#0"},
				"down": {"uv": [1.9375, 0.0625, 2, 0.125], "rotation": 270, "texture": "#0"}
			}
		},
		{
			"name": "center",
			"from": [17, 6, 7.6],
			"to": [18, 8, 8.4],
			"rotation": {"angle": -22.5, "axis": "x", "origin": [0, 8, 8]},
			"faces": {
				"east": {"uv": [2.3125, 0.25, 2.375, 0.375], "texture": "#0"},
				"west": {"uv": [2.375, 0.25, 2.4375, 0.375], "texture": "#0"},
				"down": {"uv": [2.3125, 0.375, 2.375, 0.4375], "texture": "#0"}
			}
		},
		{
			"name": "inner",
			"from": [17, 4.5, 7.3],
			"to": [17.75, 6.5, 8.7],
			"rotation": {"angle": -22.5, "axis": "x", "origin": [0, 8, 8]},
			"faces": {
				"east": {"uv": [1.9375, 0.3125, 2.0625, 0.5], "texture": "#0"},
				"west": {"uv": [2.0625, 0.3125, 2.1875, 0.5], "texture": "#0"},
				"down": {"uv": [1.9375, 0.25, 2.0625, 0.3125], "rotation": 270, "texture": "#0"}
			}
		},
		{
			"name": "spoke",
			"from": [17, -3.5, 7.75],
			"to": [17.75, 4.5, 8.25],
			"rotation": {"angle": -22.5, "axis": "x", "origin": [0, 8, 8]},
			"faces": {
				"north": {"uv": [1.75, 0, 1.8125, 0.5], "texture": "#0"},
				"east": {"uv": [1.6875, 0, 1.75, 0.5], "texture": "#0"},
				"south": {"uv": [1.875, 0, 1.9375, 0.5], "texture": "#0"},
				"west": {"uv": [1.8125, 0, 1.875, 0.5], "texture": "#0"}
			}
		},
		{
			"name": "rim",
			"from": [17, -5, 5.4],
			"to": [18, -3.5, 10.6],
			"rotation": {"angle": -22.5, "axis": "x", "origin": [0, 8, 8]},
			"faces": {
				"east": {"uv": [2.0625, 0, 2.4375, 0.0625], "texture": "#0"},
				"west": {"uv": [2.0625, 0.125, 2.4375, 0.1875], "texture": "#0"},
				"up": {"uv": [2.0625, 0.0625, 2.4375, 0.125], "rotation": 90, "texture": "#0"},
				"down": {"uv": [2.0625, 0.1875, 2.4375, 0.25], "rotation": 270, "texture": "#0"}
			}
		},
		{
			"name": "flange",
			"from": [17, -5.5, 5.3],
			"to": [17.2, -5, 10.7],
			"rotation": {"angle": -22.5, "axis": "x", "origin": [0, 8, 8]},
			"faces": {
				"east": {"uv": [1.9375, 0.125, 2, 0.1875], "texture": "#0"},
				"west": {"uv": [1.9375, 0, 2, 0.0625], "texture": "#0"},
				"down": {"uv": [1.9375, 0.0625, 2, 0.125], "rotation": 270, "texture": "#0"}
			}
		},
		{
			"from": [-3, 11.65746, 5.77792],
			"to": [-1, 12.65746, 6.77792],
			"rotation": {"angle": 22.5, "axis": "x", "origin": [0, 8, 8]},
			"faces": {
				"north": {"uv": [2.5625, 0.25, 2.6875, 0.3125], "texture": "#0"},
				"east": {"uv": [2.75, 0.1875, 2.8125, 0.25], "texture": "#0"},
				"south": {"uv": [2.6875, 0.375, 2.8125, 0.4375], "texture": "#0"},
				"west": {"uv": [2.6875, 0.1875, 2.75, 0.25], "texture": "#0"},
				"up": {"uv": [2.6875, 0.3125, 2.8125, 0.375], "texture": "#0"},
				"down": {"uv": [2.6875, 0.4375, 2.8125, 0.5], "texture": "#0"}
			}
		},
		{
			"name": "counterweight",
			"from": [-1.75, -3.5, 1.8],
			"to": [-1.25, -1.9, 14.2],
			"rotation": {"angle": 0, "axis": "x", "origin": [16, 8, 8]},
			"faces": {
				"east": {"uv": [2.4375, 0.6875, 1.6875, 0.8125], "texture": "#0"},
				"west": {"uv": [2.4375, 0.5, 1.6875, 0.625], "texture": "#0"},
				"up": {"uv": [1.6875, 0.6875, 2.4375, 0.625], "rotation": 90, "texture": "#0"}
			}
		},
		{
			"name": "center",
			"from": [-2, 6, 7.6],
			"to": [-1, 8, 8.4],
			"rotation": {"angle": 0, "axis": "x", "origin": [16, 8, 8]},
			"faces": {
				"east": {"uv": [2.4375, 0.25, 2.375, 0.375], "texture": "#0"},
				"west": {"uv": [2.375, 0.25, 2.3125, 0.375], "texture": "#0"},
				"down": {"uv": [2.375, 0.375, 2.3125, 0.4375], "texture": "#0"}
			}
		},
		{
			"name": "inner",
			"from": [-1.75, 4.5, 7.3],
			"to": [-1, 6.5, 8.7],
			"rotation": {"angle": 0, "axis": "x", "origin": [15, 8, 8]},
			"faces": {
				"east": {"uv": [2.1875, 0.3125, 2.0625, 0.5], "texture": "#0"},
				"west": {"uv": [2.0625, 0.3125, 1.9375, 0.5], "texture": "#0"},
				"down": {"uv": [1.9375, 0.3125, 2.0625, 0.25], "rotation": 270, "texture": "#0"}
			}
		},
		{
			"name": "spoke",
			"from": [-1.75, -3.5, 7.75],
			"to": [-1, 4.5, 8.25],
			"rotation": {"angle": 0, "axis": "x", "origin": [16, 8, 8]},
			"faces": {
				"north": {"uv": [1.8125, 0, 1.75, 0.5], "texture": "#0"},
				"east": {"uv": [1.875, 0, 1.8125, 0.5], "texture": "#0"},
				"south": {"uv": [1.9375, 0, 1.875, 0.5], "texture": "#0"},
				"west": {"uv": [1.75, 0, 1.6875, 0.5], "texture": "#0"}
			}
		},
		{
			"name": "rim",
			"from": [-2, -5, 5.4],
			"to": [-1, -3.5, 10.6],
			"rotation": {"angle": 0, "axis": "x", "origin": [16, 8, 8]},
			"faces": {
				"east": {"uv": [2.4375, 0.125, 2.0625, 0.1875], "texture": "#0"},
				"west": {"uv": [2.4375, 0, 2.0625, 0.0625], "texture": "#0"},
				"up": {"uv": [2.0625, 0.125, 2.4375, 0.0625], "rotation": 90, "texture": "#0"},
				"down": {"uv": [2.0625, 0.25, 2.4375, 0.1875], "rotation": 270, "texture": "#0"}
			}
		},
		{
			"name": "flange",
			"from": [-1.2, -5.5, 5.3],
			"to": [-1, -5, 10.7],
			"rotation": {"angle": 0, "axis": "x", "origin": [16, 8, 8]},
			"faces": {
				"east": {"uv": [2, 0, 1.9375, 0.0625], "texture": "#0"},
				"west": {"uv": [2, 0.125, 1.9375, 0.1875], "texture": "#0"},
				"down": {"uv": [1.9375, 0.125, 2, 0.0625], "rotation": 270, "texture": "#0"}
			}
		},
		{
			"name": "center",
			"from": [-2, 6, 7.6],
			"to": [-1, 8, 8.4],
			"rotation": {"angle": 22.5, "axis": "x", "origin": [16, 8, 8]},
			"faces": {
				"east": {"uv": [2.4375, 0.25, 2.375, 0.375], "texture": "#0"},
				"west": {"uv": [2.375, 0.25, 2.3125, 0.375], "texture": "#0"},
				"down": {"uv": [2.375, 0.375, 2.3125, 0.4375], "texture": "#0"}
			}
		},
		{
			"name": "inner",
			"from": [-1.75, 4.5, 7.3],
			"to": [-1, 6.5, 8.7],
			"rotation": {"angle": 22.5, "axis": "x", "origin": [16, 8, 8]},
			"faces": {
				"east": {"uv": [2.1875, 0.3125, 2.0625, 0.5], "texture": "#0"},
				"west": {"uv": [2.0625, 0.3125, 1.9375, 0.5], "texture": "#0"},
				"down": {"uv": [1.9375, 0.3125, 2.0625, 0.25], "rotation": 270, "texture": "#0"}
			}
		},
		{
			"name": "spoke",
			"from": [-1.75, -3.5, 7.75],
			"to": [-1, 4.5, 8.25],
			"rotation": {"angle": 22.5, "axis": "x", "origin": [16, 8, 8]},
			"faces": {
				"north": {"uv": [1.8125, 0, 1.75, 0.5], "texture": "#0"},
				"east": {"uv": [1.875, 0, 1.8125, 0.5], "texture": "#0"},
				"south": {"uv": [1.9375, 0, 1.875, 0.5], "texture": "#0"},
				"west": {"uv": [1.75, 0, 1.6875, 0.5], "texture": "#0"}
			}
		},
		{
			"name": "rim",
			"from": [-2, -5, 5.4],
			"to": [-1, -3.5, 10.6],
			"rotation": {"angle": 22.5, "axis": "x", "origin": [16, 8, 8]},
			"faces": {
				"east": {"uv": [2.4375, 0.125, 2.0625, 0.1875], "texture": "#0"},
				"west": {"uv": [2.4375, 0, 2.0625, 0.0625], "texture": "#0"},
				"up": {"uv": [2.0625, 0.125, 2.4375, 0.0625], "rotation": 90, "texture": "#0"},
				"down": {"uv": [2.0625, 0.25, 2.4375, 0.1875], "rotation": 270, "texture": "#0"}
			}
		},
		{
			"name": "flange",
			"from": [-1.2, -5.5, 5.3],
			"to": [-1, -5, 10.7],
			"rotation": {"angle": 22.5, "axis": "x", "origin": [16, 8, 8]},
			"faces": {
				"east": {"uv": [2, 0, 1.9375, 0.0625], "texture": "#0"},
				"west": {"uv": [2, 0.125, 1.9375, 0.1875], "texture": "#0"},
				"down": {"uv": [1.9375, 0.125, 2, 0.0625], "rotation": 270, "texture": "#0"}
			}
		},
		{
			"name": "center",
			"from": [-2, 7.6, 6],
			"to": [-1, 8.4, 8],
			"rotation": {"angle": -45, "axis": "x", "origin": [16, 8, 8]},
			"faces": {
				"north": {"uv": [2.375, 0.375, 2.3125, 0.4375], "rotation": 180, "texture": "#0"},
				"east": {"uv": [2.4375, 0.25, 2.375, 0.375], "rotation": 270, "texture": "#0"},
				"west": {"uv": [2.375, 0.25, 2.3125, 0.375], "rotation": 90, "texture": "#0"}
			}
		},
		{
			"name": "inner",
			"from": [-1.75, 7.3, 4.5],
			"to": [-1, 8.7, 6.5],
			"rotation": {"angle": -45, "axis": "x", "origin": [16, 8, 8]},
			"faces": {
				"north": {"uv": [1.9375, 0.3125, 2.0625, 0.25], "rotation": 90, "texture": "#0"},
				"east": {"uv": [2.1875, 0.3125, 2.0625, 0.5], "rotation": 270, "texture": "#0"},
				"west": {"uv": [2.0625, 0.3125, 1.9375, 0.5], "rotation": 90, "texture": "#0"}
			}
		},
		{
			"name": "spoke",
			"from": [-1.75, 7.75, -3.5],
			"to": [-1, 8.25, 4.5],
			"rotation": {"angle": -45, "axis": "x", "origin": [16, 8, 8]},
			"faces": {
				"east": {"uv": [1.875, 0, 1.8125, 0.5], "rotation": 270, "texture": "#0"},
				"west": {"uv": [1.75, 0, 1.6875, 0.5], "rotation": 90, "texture": "#0"},
				"up": {"uv": [1.8125, 0, 1.75, 0.5], "rotation": 180, "texture": "#0"},
				"down": {"uv": [1.9375, 0, 1.875, 0.5], "texture": "#0"}
			}
		},
		{
			"name": "rim",
			"from": [-2, 5.4, -5],
			"to": [-1, 10.6, -3.5],
			"rotation": {"angle": -45, "axis": "x", "origin": [16, 8, 8]},
			"faces": {
				"north": {"uv": [2.0625, 0.25, 2.4375, 0.1875], "rotation": 90, "texture": "#0"},
				"east": {"uv": [2.4375, 0.125, 2.0625, 0.1875], "rotation": 270, "texture": "#0"},
				"south": {"uv": [2.0625, 0.125, 2.4375, 0.0625], "rotation": 90, "texture": "#0"},
				"west": {"uv": [2.4375, 0, 2.0625, 0.0625], "rotation": 90, "texture": "#0"}
			}
		},
		{
			"name": "flange",
			"from": [-1.2, 5.3, -5.5],
			"to": [-1, 10.7, -5],
			"rotation": {"angle": -45, "axis": "x", "origin": [16, 8, 8]},
			"faces": {
				"north": {"uv": [1.9375, 0.125, 2, 0.0625], "rotation": 90, "texture": "#0"},
				"east": {"uv": [2, 0, 1.9375, 0.0625], "rotation": 270, "texture": "#0"},
				"west": {"uv": [2, 0.125, 1.9375, 0.1875], "rotation": 90, "texture": "#0"}
			}
		},
		{
			"name": "center",
			"from": [-2, 7.6, 6],
			"to": [-1, 8.4, 8],
			"rotation": {"angle": -22.5, "axis": "x", "origin": [16, 8, 8]},
			"faces": {
				"north": {"uv": [2.375, 0.375, 2.3125, 0.4375], "rotation": 180, "texture": "#0"},
				"east": {"uv": [2.375, 0.375, 2.4375, 0.25], "rotation": 90, "texture": "#0"},
				"west": {"uv": [2.3125, 0.375, 2.375, 0.25], "rotation": 270, "texture": "#0"}
			}
		},
		{
			"name": "inner",
			"from": [-1.75, 7.3, 4.5],
			"to": [-1, 8.7, 6.5],
			"rotation": {"angle": -22.5, "axis": "x", "origin": [16, 8, 8]},
			"faces": {
				"north": {"uv": [1.9375, 0.3125, 2.0625, 0.25], "rotation": 90, "texture": "#0"},
				"east": {"uv": [2.0625, 0.5, 2.1875, 0.3125], "rotation": 90, "texture": "#0"},
				"west": {"uv": [1.9375, 0.5, 2.0625, 0.3125], "rotation": 270, "texture": "#0"}
			}
		},
		{
			"name": "spoke",
			"from": [-1.75, 7.75, -3.5],
			"to": [-1, 8.25, 4.5],
			"rotation": {"angle": -22.5, "axis": "x", "origin": [16, 8, 8]},
			"faces": {
				"east": {"uv": [1.8125, 0.5, 1.875, 0], "rotation": 90, "texture": "#0"},
				"west": {"uv": [1.6875, 0.5, 1.75, 0], "rotation": 270, "texture": "#0"},
				"up": {"uv": [1.8125, 0, 1.75, 0.5], "rotation": 180, "texture": "#0"},
				"down": {"uv": [1.9375, 0, 1.875, 0.5], "texture": "#0"}
			}
		},
		{
			"name": "rim",
			"from": [-2, 5.4, -5],
			"to": [-1, 10.6, -3.5],
			"rotation": {"angle": -22.5, "axis": "x", "origin": [16, 8, 8]},
			"faces": {
				"north": {"uv": [2.0625, 0.25, 2.4375, 0.1875], "rotation": 90, "texture": "#0"},
				"east": {"uv": [2.0625, 0.1875, 2.4375, 0.125], "rotation": 90, "texture": "#0"},
				"south": {"uv": [2.0625, 0.125, 2.4375, 0.0625], "rotation": 90, "texture": "#0"},
				"west": {"uv": [2.0625, 0.0625, 2.4375, 0], "rotation": 270, "texture": "#0"}
			}
		},
		{
			"name": "flange",
			"from": [-1.2, 5.3, -5.5],
			"to": [-1, 10.7, -5],
			"rotation": {"angle": -22.5, "axis": "x", "origin": [16, 8, 8]},
			"faces": {
				"north": {"uv": [1.9375, 0.125, 2, 0.0625], "rotation": 90, "texture": "#0"},
				"east": {"uv": [1.9375, 0.0625, 2, 0], "rotation": 90, "texture": "#0"},
				"west": {"uv": [1.9375, 0.1875, 2, 0.125], "rotation": 270, "texture": "#0"}
			}
		},
		{
			"name": "center",
			"from": [-2, 7.6, 6],
			"to": [-1, 8.4, 8],
			"rotation": {"angle": 0, "axis": "x", "origin": [16, 8, 8]},
			"faces": {
				"north": {"uv": [2.375, 0.375, 2.3125, 0.4375], "rotation": 180, "texture": "#0"},
				"east": {"uv": [2.375, 0.375, 2.4375, 0.25], "rotation": 90, "texture": "#0"},
				"west": {"uv": [2.3125, 0.375, 2.375, 0.25], "rotation": 270, "texture": "#0"}
			}
		},
		{
			"name": "inner",
			"from": [-1.75, 7.3, 4.5],
			"to": [-1, 8.7, 6.5],
			"rotation": {"angle": 0, "axis": "x", "origin": [16, 8, 8]},
			"faces": {
				"north": {"uv": [1.9375, 0.3125, 2.0625, 0.25], "rotation": 90, "texture": "#0"},
				"east": {"uv": [2.0625, 0.5, 2.1875, 0.3125], "rotation": 90, "texture": "#0"},
				"west": {"uv": [1.9375, 0.5, 2.0625, 0.3125], "rotation": 270, "texture": "#0"}
			}
		},
		{
			"name": "spoke",
			"from": [-1.75, 7.75, -3.5],
			"to": [-1, 8.25, 4.5],
			"rotation": {"angle": 0, "axis": "x", "origin": [16, 8, 8]},
			"faces": {
				"east": {"uv": [1.8125, 0.5, 1.875, 0], "rotation": 90, "texture": "#0"},
				"west": {"uv": [1.6875, 0.5, 1.75, 0], "rotation": 270, "texture": "#0"},
				"up": {"uv": [1.8125, 0, 1.75, 0.5], "rotation": 180, "texture": "#0"},
				"down": {"uv": [1.9375, 0, 1.875, 0.5], "texture": "#0"}
			}
		},
		{
			"name": "rim",
			"from": [-2, 5.4, -5],
			"to": [-1, 10.6, -3.5],
			"rotation": {"angle": 0, "axis": "x", "origin": [16, 8, 8]},
			"faces": {
				"north": {"uv": [2.0625, 0.25, 2.4375, 0.1875], "rotation": 90, "texture": "#0"},
				"east": {"uv": [2.0625, 0.1875, 2.4375, 0.125], "rotation": 90, "texture": "#0"},
				"south": {"uv": [2.0625, 0.125, 2.4375, 0.0625], "rotation": 90, "texture": "#0"},
				"west": {"uv": [2.0625, 0.0625, 2.4375, 0], "rotation": 270, "texture": "#0"}
			}
		},
		{
			"name": "flange",
			"from": [-1.2, 5.3, -5.5],
			"to": [-1, 10.7, -5],
			"rotation": {"angle": 0, "axis": "x", "origin": [16, 8, 8]},
			"faces": {
				"north": {"uv": [1.9375, 0.125, 2, 0.0625], "rotation": 90, "texture": "#0"},
				"east": {"uv": [1.9375, 0.0625, 2, 0], "rotation": 90, "texture": "#0"},
				"west": {"uv": [1.9375, 0.1875, 2, 0.125], "rotation": 270, "texture": "#0"}
			}
		},
		{
			"name": "center",
			"from": [-2, 7.6, 6],
			"to": [-1, 8.4, 8],
			"rotation": {"angle": 22.5, "axis": "x", "origin": [16, 8, 8]},
			"faces": {
				"north": {"uv": [2.375, 0.375, 2.3125, 0.4375], "rotation": 180, "texture": "#0"},
				"east": {"uv": [2.375, 0.375, 2.4375, 0.25], "rotation": 90, "texture": "#0"},
				"west": {"uv": [2.3125, 0.375, 2.375, 0.25], "rotation": 270, "texture": "#0"}
			}
		},
		{
			"name": "inner",
			"from": [-1.75, 7.3, 4.5],
			"to": [-1, 8.7, 6.5],
			"rotation": {"angle": 22.5, "axis": "x", "origin": [16, 8, 8]},
			"faces": {
				"north": {"uv": [1.9375, 0.3125, 2.0625, 0.25], "rotation": 90, "texture": "#0"},
				"east": {"uv": [2.0625, 0.5, 2.1875, 0.3125], "rotation": 90, "texture": "#0"},
				"west": {"uv": [1.9375, 0.5, 2.0625, 0.3125], "rotation": 270, "texture": "#0"}
			}
		},
		{
			"name": "spoke",
			"from": [-1.75, 7.75, -3.5],
			"to": [-1, 8.25, 4.5],
			"rotation": {"angle": 22.5, "axis": "x", "origin": [16, 8, 8]},
			"faces": {
				"east": {"uv": [1.8125, 0.5, 1.875, 0], "rotation": 90, "texture": "#0"},
				"west": {"uv": [1.6875, 0.5, 1.75, 0], "rotation": 270, "texture": "#0"},
				"up": {"uv": [1.8125, 0, 1.75, 0.5], "rotation": 180, "texture": "#0"},
				"down": {"uv": [1.9375, 0, 1.875, 0.5], "texture": "#0"}
			}
		},
		{
			"name": "rim",
			"from": [-2, 5.4, -5],
			"to": [-1, 10.6, -3.5],
			"rotation": {"angle": 22.5, "axis": "x", "origin": [16, 8, 8]},
			"faces": {
				"north": {"uv": [2.0625, 0.25, 2.4375, 0.1875], "rotation": 90, "texture": "#0"},
				"east": {"uv": [2.0625, 0.1875, 2.4375, 0.125], "rotation": 90, "texture": "#0"},
				"south": {"uv": [2.0625, 0.125, 2.4375, 0.0625], "rotation": 90, "texture": "#0"},
				"west": {"uv": [2.0625, 0.0625, 2.4375, 0], "rotation": 270, "texture": "#0"}
			}
		},
		{
			"name": "flange",
			"from": [-1.2, 5.3, -5.5],
			"to": [-1, 10.7, -5],
			"rotation": {"angle": 22.5, "axis": "x", "origin": [16, 8, 8]},
			"faces": {
				"north": {"uv": [1.9375, 0.125, 2, 0.0625], "rotation": 90, "texture": "#0"},
				"east": {"uv": [1.9375, 0.0625, 2, 0], "rotation": 90, "texture": "#0"},
				"west": {"uv": [1.9375, 0.1875, 2, 0.125], "rotation": 270, "texture": "#0"}
			}
		},
		{
			"name": "center",
			"from": [-2, 8, 7.6],
			"to": [-1, 10, 8.4],
			"rotation": {"angle": -45, "axis": "x", "origin": [16, 8, 8]},
			"faces": {
				"east": {"uv": [2.375, 0.375, 2.4375, 0.25], "texture": "#0"},
				"west": {"uv": [2.3125, 0.375, 2.375, 0.25], "texture": "#0"},
				"up": {"uv": [2.375, 0.375, 2.3125, 0.4375], "texture": "#0"}
			}
		},
		{
			"name": "inner",
			"from": [-1.75, 9.5, 7.3],
			"to": [-1, 11.5, 8.7],
			"rotation": {"angle": -45, "axis": "x", "origin": [16, 8, 8]},
			"faces": {
				"east": {"uv": [2.0625, 0.5, 2.1875, 0.3125], "texture": "#0"},
				"west": {"uv": [1.9375, 0.5, 2.0625, 0.3125], "texture": "#0"},
				"up": {"uv": [1.9375, 0.3125, 2.0625, 0.25], "rotation": 270, "texture": "#0"}
			}
		},
		{
			"name": "spoke",
			"from": [-1.75, 11.5, 7.75],
			"to": [-1, 19.5, 8.25],
			"rotation": {"angle": -45, "axis": "x", "origin": [16, 8, 8]},
			"faces": {
				"north": {"uv": [1.9375, 0, 1.875, 0.5], "rotation": 180, "texture": "#0"},
				"east": {"uv": [1.8125, 0.5, 1.875, 0], "texture": "#0"},
				"south": {"uv": [1.8125, 0, 1.75, 0.5], "rotation": 180, "texture": "#0"},
				"west": {"uv": [1.6875, 0.5, 1.75, 0], "texture": "#0"}
			}
		},
		{
			"name": "rim",
			"from": [-2, 19.5, 5.4],
			"to": [-1, 21, 10.6],
			"rotation": {"angle": -45, "axis": "x", "origin": [16, 8, 8]},
			"faces": {
				"east": {"uv": [2.0625, 0.1875, 2.4375, 0.125], "texture": "#0"},
				"west": {"uv": [2.0625, 0.0625, 2.4375, 0], "texture": "#0"},
				"up": {"uv": [2.0625, 0.25, 2.4375, 0.1875], "rotation": 270, "texture": "#0"},
				"down": {"uv": [2.0625, 0.125, 2.4375, 0.0625], "rotation": 90, "texture": "#0"}
			}
		},
		{
			"name": "flange",
			"from": [-1.2, 21, 5.3],
			"to": [-1, 21.5, 10.7],
			"rotation": {"angle": -45, "axis": "x", "origin": [16, 8, 8]},
			"faces": {
				"east": {"uv": [1.9375, 0.0625, 2, 0], "texture": "#0"},
				"west": {"uv": [1.9375, 0.1875, 2, 0.125], "texture": "#0"},
				"up": {"uv": [1.9375, 0.125, 2, 0.0625], "rotation": 270, "texture": "#0"}
			}
		},
		{
			"name": "center",
			"from": [-2, 8, 7.6],
			"to": [-1, 10, 8.4],
			"rotation": {"angle": -22.5, "axis": "x", "origin": [16, 8, 8]},
			"faces": {
				"east": {"uv": [2.4375, 0.25, 2.375, 0.375], "rotation": 180, "texture": "#0"},
				"west": {"uv": [2.375, 0.25, 2.3125, 0.375], "rotation": 180, "texture": "#0"},
				"up": {"uv": [2.375, 0.375, 2.3125, 0.4375], "texture": "#0"}
			}
		},
		{
			"name": "inner",
			"from": [-1.75, 9.5, 7.3],
			"to": [-1, 11.5, 8.7],
			"rotation": {"angle": -22.5, "axis": "x", "origin": [16, 8, 8]},
			"faces": {
				"east": {"uv": [2.1875, 0.3125, 2.0625, 0.5], "rotation": 180, "texture": "#0"},
				"west": {"uv": [2.0625, 0.3125, 1.9375, 0.5], "rotation": 180, "texture": "#0"},
				"up": {"uv": [1.9375, 0.3125, 2.0625, 0.25], "rotation": 270, "texture": "#0"}
			}
		},
		{
			"name": "spoke",
			"from": [-1.75, 11.5, 7.75],
			"to": [-1, 19.5, 8.25],
			"rotation": {"angle": -22.5, "axis": "x", "origin": [16, 8, 8]},
			"faces": {
				"north": {"uv": [1.9375, 0, 1.875, 0.5], "rotation": 180, "texture": "#0"},
				"east": {"uv": [1.875, 0, 1.8125, 0.5], "rotation": 180, "texture": "#0"},
				"south": {"uv": [1.8125, 0, 1.75, 0.5], "rotation": 180, "texture": "#0"},
				"west": {"uv": [1.75, 0, 1.6875, 0.5], "rotation": 180, "texture": "#0"}
			}
		},
		{
			"name": "rim",
			"from": [-2, 19.5, 5.4],
			"to": [-1, 21, 10.6],
			"rotation": {"angle": -22.5, "axis": "x", "origin": [16, 8, 8]},
			"faces": {
				"east": {"uv": [2.4375, 0.125, 2.0625, 0.1875], "rotation": 180, "texture": "#0"},
				"west": {"uv": [2.4375, 0, 2.0625, 0.0625], "rotation": 180, "texture": "#0"},
				"up": {"uv": [2.0625, 0.25, 2.4375, 0.1875], "rotation": 270, "texture": "#0"},
				"down": {"uv": [2.0625, 0.125, 2.4375, 0.0625], "rotation": 90, "texture": "#0"}
			}
		},
		{
			"name": "flange",
			"from": [-1.2, 21, 5.3],
			"to": [-1, 21.5, 10.7],
			"rotation": {"angle": -22.5, "axis": "x", "origin": [16, 8, 8]},
			"faces": {
				"east": {"uv": [2, 0, 1.9375, 0.0625], "rotation": 180, "texture": "#0"},
				"west": {"uv": [2, 0.125, 1.9375, 0.1875], "rotation": 180, "texture": "#0"},
				"up": {"uv": [1.9375, 0.125, 2, 0.0625], "rotation": 270, "texture": "#0"}
			}
		},
		{
			"name": "center",
			"from": [-2, 8, 7.6],
			"to": [-1, 10, 8.4],
			"rotation": {"angle": 0, "axis": "x", "origin": [16, 8, 8]},
			"faces": {
				"east": {"uv": [2.4375, 0.25, 2.375, 0.375], "rotation": 180, "texture": "#0"},
				"west": {"uv": [2.375, 0.25, 2.3125, 0.375], "rotation": 180, "texture": "#0"},
				"up": {"uv": [2.375, 0.375, 2.3125, 0.4375], "texture": "#0"}
			}
		},
		{
			"name": "inner",
			"from": [-1.75, 9.5, 7.3],
			"to": [-1, 11.5, 8.7],
			"rotation": {"angle": 0, "axis": "x", "origin": [16, 8, 8]},
			"faces": {
				"east": {"uv": [2.1875, 0.3125, 2.0625, 0.5], "rotation": 180, "texture": "#0"},
				"west": {"uv": [2.0625, 0.3125, 1.9375, 0.5], "rotation": 180, "texture": "#0"},
				"up": {"uv": [1.9375, 0.3125, 2.0625, 0.25], "rotation": 270, "texture": "#0"}
			}
		},
		{
			"name": "spoke",
			"from": [-1.75, 11.5, 7.75],
			"to": [-1, 19.5, 8.25],
			"rotation": {"angle": 0, "axis": "x", "origin": [16, 8, 8]},
			"faces": {
				"north": {"uv": [1.9375, 0, 1.875, 0.5], "rotation": 180, "texture": "#0"},
				"east": {"uv": [1.875, 0, 1.8125, 0.5], "rotation": 180, "texture": "#0"},
				"south": {"uv": [1.8125, 0, 1.75, 0.5], "rotation": 180, "texture": "#0"},
				"west": {"uv": [1.75, 0, 1.6875, 0.5], "rotation": 180, "texture": "#0"}
			}
		},
		{
			"name": "rim",
			"from": [-2, 19.5, 5.4],
			"to": [-1, 21, 10.6],
			"rotation": {"angle": 0, "axis": "x", "origin": [16, 8, 8]},
			"faces": {
				"east": {"uv": [2.4375, 0.125, 2.0625, 0.1875], "rotation": 180, "texture": "#0"},
				"west": {"uv": [2.4375, 0, 2.0625, 0.0625], "rotation": 180, "texture": "#0"},
				"up": {"uv": [2.0625, 0.25, 2.4375, 0.1875], "rotation": 270, "texture": "#0"},
				"down": {"uv": [2.0625, 0.125, 2.4375, 0.0625], "rotation": 90, "texture": "#0"}
			}
		},
		{
			"name": "flange",
			"from": [-1.2, 21, 5.3],
			"to": [-1, 21.5, 10.7],
			"rotation": {"angle": 0, "axis": "x", "origin": [16, 8, 8]},
			"faces": {
				"east": {"uv": [2, 0, 1.9375, 0.0625], "rotation": 180, "texture": "#0"},
				"west": {"uv": [2, 0.125, 1.9375, 0.1875], "rotation": 180, "texture": "#0"},
				"up": {"uv": [1.9375, 0.125, 2, 0.0625], "rotation": 270, "texture": "#0"}
			}
		},
		{
			"name": "center",
			"from": [-2, 8, 7.6],
			"to": [-1, 10, 8.4],
			"rotation": {"angle": 22.5, "axis": "x", "origin": [16, 8, 8]},
			"faces": {
				"east": {"uv": [2.4375, 0.25, 2.375, 0.375], "rotation": 180, "texture": "#0"},
				"west": {"uv": [2.375, 0.25, 2.3125, 0.375], "rotation": 180, "texture": "#0"},
				"up": {"uv": [2.375, 0.375, 2.3125, 0.4375], "texture": "#0"}
			}
		},
		{
			"name": "inner",
			"from": [-1.75, 9.5, 7.3],
			"to": [-1, 11.5, 8.7],
			"rotation": {"angle": 22.5, "axis": "x", "origin": [16, 8, 8]},
			"faces": {
				"east": {"uv": [2.1875, 0.3125, 2.0625, 0.5], "rotation": 180, "texture": "#0"},
				"west": {"uv": [2.0625, 0.3125, 1.9375, 0.5], "rotation": 180, "texture": "#0"},
				"up": {"uv": [1.9375, 0.3125, 2.0625, 0.25], "rotation": 270, "texture": "#0"}
			}
		},
		{
			"name": "spoke",
			"from": [-1.75, 11.5, 7.75],
			"to": [-1, 19.5, 8.25],
			"rotation": {"angle": 22.5, "axis": "x", "origin": [16, 8, 8]},
			"faces": {
				"north": {"uv": [1.9375, 0, 1.875, 0.5], "rotation": 180, "texture": "#0"},
				"east": {"uv": [1.875, 0, 1.8125, 0.5], "rotation": 180, "texture": "#0"},
				"south": {"uv": [1.8125, 0, 1.75, 0.5], "rotation": 180, "texture": "#0"},
				"west": {"uv": [1.75, 0, 1.6875, 0.5], "rotation": 180, "texture": "#0"}
			}
		},
		{
			"name": "rim",
			"from": [-2, 19.5, 5.4],
			"to": [-1, 21, 10.6],
			"rotation": {"angle": 22.5, "axis": "x", "origin": [16, 8, 8]},
			"faces": {
				"east": {"uv": [2.4375, 0.125, 2.0625, 0.1875], "rotation": 180, "texture": "#0"},
				"west": {"uv": [2.4375, 0, 2.0625, 0.0625], "rotation": 180, "texture": "#0"},
				"up": {"uv": [2.0625, 0.25, 2.4375, 0.1875], "rotation": 270, "texture": "#0"},
				"down": {"uv": [2.0625, 0.125, 2.4375, 0.0625], "rotation": 90, "texture": "#0"}
			}
		},
		{
			"name": "flange",
			"from": [-1.2, 21, 5.3],
			"to": [-1, 21.5, 10.7],
			"rotation": {"angle": 22.5, "axis": "x", "origin": [16, 8, 8]},
			"faces": {
				"east": {"uv": [2, 0, 1.9375, 0.0625], "rotation": 180, "texture": "#0"},
				"west": {"uv": [2, 0.125, 1.9375, 0.1875], "rotation": 180, "texture": "#0"},
				"up": {"uv": [1.9375, 0.125, 2, 0.0625], "rotation": 270, "texture": "#0"}
			}
		},
		{
			"name": "center",
			"from": [-2, 7.6, 8],
			"to": [-1, 8.4, 10],
			"rotation": {"angle": -45, "axis": "x", "origin": [16, 8, 8]},
			"faces": {
				"east": {"uv": [2.4375, 0.25, 2.375, 0.375], "rotation": 90, "texture": "#0"},
				"south": {"uv": [2.375, 0.375, 2.3125, 0.4375], "texture": "#0"},
				"west": {"uv": [2.375, 0.25, 2.3125, 0.375], "rotation": 270, "texture": "#0"}
			}
		},
		{
			"name": "inner",
			"from": [-1.75, 7.3, 9.5],
			"to": [-1, 8.7, 11.5],
			"rotation": {"angle": -45, "axis": "x", "origin": [16, 8, 8]},
			"faces": {
				"east": {"uv": [2.1875, 0.3125, 2.0625, 0.5], "rotation": 90, "texture": "#0"},
				"south": {"uv": [1.9375, 0.3125, 2.0625, 0.25], "rotation": 270, "texture": "#0"},
				"west": {"uv": [2.0625, 0.3125, 1.9375, 0.5], "rotation": 270, "texture": "#0"}
			}
		},
		{
			"name": "spoke",
			"from": [-1.75, 7.75, 11.5],
			"to": [-1, 8.25, 19.5],
			"rotation": {"angle": -45, "axis": "x", "origin": [16, 8, 8]},
			"faces": {
				"east": {"uv": [1.875, 0, 1.8125, 0.5], "rotation": 90, "texture": "#0"},
				"west": {"uv": [1.75, 0, 1.6875, 0.5], "rotation": 270, "texture": "#0"},
				"up": {"uv": [1.9375, 0, 1.875, 0.5], "texture": "#0"},
				"down": {"uv": [1.8125, 0, 1.75, 0.5], "rotation": 180, "texture": "#0"}
			}
		},
		{
			"name": "rim",
			"from": [-2, 5.4, 19.5],
			"to": [-1, 10.6, 21],
			"rotation": {"angle": -45, "axis": "x", "origin": [16, 8, 8]},
			"faces": {
				"north": {"uv": [2.0625, 0.125, 2.4375, 0.0625], "rotation": 270, "texture": "#0"},
				"east": {"uv": [2.4375, 0.125, 2.0625, 0.1875], "rotation": 90, "texture": "#0"},
				"south": {"uv": [2.0625, 0.25, 2.4375, 0.1875], "rotation": 270, "texture": "#0"},
				"west": {"uv": [2.4375, 0, 2.0625, 0.0625], "rotation": 270, "texture": "#0"}
			}
		},
		{
			"name": "flange",
			"from": [-1.2, 5.3, 21],
			"to": [-1, 10.7, 21.5],
			"rotation": {"angle": -45, "axis": "x", "origin": [16, 8, 8]},
			"faces": {
				"east": {"uv": [2, 0, 1.9375, 0.0625], "rotation": 90, "texture": "#0"},
				"south": {"uv": [1.9375, 0.125, 2, 0.0625], "rotation": 270, "texture": "#0"},
				"west": {"uv": [2, 0.125, 1.9375, 0.1875], "rotation": 270, "texture": "#0"}
			}
		},
		{
			"name": "center",
			"from": [-2, 7.6, 8],
			"to": [-1, 8.4, 10],
			"rotation": {"angle": -22.5, "axis": "x", "origin": [16, 8, 8]},
			"faces": {
				"east": {"uv": [2.375, 0.375, 2.4375, 0.25], "rotation": 270, "texture": "#0"},
				"south": {"uv": [2.375, 0.375, 2.3125, 0.4375], "texture": "#0"},
				"west": {"uv": [2.3125, 0.375, 2.375, 0.25], "rotation": 90, "texture": "#0"}
			}
		},
		{
			"name": "inner",
			"from": [-1.75, 7.3, 9.5],
			"to": [-1, 8.7, 11.5],
			"rotation": {"angle": -22.5, "axis": "x", "origin": [16, 8, 8]},
			"faces": {
				"east": {"uv": [2.0625, 0.5, 2.1875, 0.3125], "rotation": 270, "texture": "#0"},
				"south": {"uv": [1.9375, 0.3125, 2.0625, 0.25], "rotation": 270, "texture": "#0"},
				"west": {"uv": [1.9375, 0.5, 2.0625, 0.3125], "rotation": 90, "texture": "#0"}
			}
		},
		{
			"name": "spoke",
			"from": [-1.75, 7.75, 11.5],
			"to": [-1, 8.25, 19.5],
			"rotation": {"angle": -22.5, "axis": "x", "origin": [16, 8, 8]},
			"faces": {
				"east": {"uv": [1.8125, 0.5, 1.875, 0], "rotation": 270, "texture": "#0"},
				"west": {"uv": [1.6875, 0.5, 1.75, 0], "rotation": 90, "texture": "#0"},
				"up": {"uv": [1.9375, 0, 1.875, 0.5], "texture": "#0"},
				"down": {"uv": [1.8125, 0, 1.75, 0.5], "rotation": 180, "texture": "#0"}
			}
		},
		{
			"name": "rim",
			"from": [-2, 5.4, 19.5],
			"to": [-1, 10.6, 21],
			"rotation": {"angle": -22.5, "axis": "x", "origin": [16, 8, 8]},
			"faces": {
				"north": {"uv": [2.0625, 0.125, 2.4375, 0.0625], "rotation": 270, "texture": "#0"},
				"east": {"uv": [2.0625, 0.1875, 2.4375, 0.125], "rotation": 270, "texture": "#0"},
				"south": {"uv": [2.0625, 0.25, 2.4375, 0.1875], "rotation": 270, "texture": "#0"},
				"west": {"uv": [2.0625, 0.0625, 2.4375, 0], "rotation": 90, "texture": "#0"}
			}
		},
		{
			"name": "flange",
			"from": [-1.2, 5.3, 21],
			"to": [-1, 10.7, 21.5],
			"rotation": {"angle": -22.5, "axis": "x", "origin": [16, 8, 8]},
			"faces": {
				"east": {"uv": [1.9375, 0.0625, 2, 0], "rotation": 270, "texture": "#0"},
				"south": {"uv": [1.9375, 0.125, 2, 0.0625], "rotation": 270, "texture": "#0"},
				"west": {"uv": [1.9375, 0.1875, 2, 0.125], "rotation": 90, "texture": "#0"}
			}
		},
		{
			"name": "center",
			"from": [-2, 7.6, 8],
			"to": [-1, 8.4, 10],
			"rotation": {"angle": 0, "axis": "x", "origin": [16, 8, 8]},
			"faces": {
				"east": {"uv": [2.375, 0.375, 2.4375, 0.25], "rotation": 270, "texture": "#0"},
				"south": {"uv": [2.375, 0.375, 2.3125, 0.4375], "texture": "#0"},
				"west": {"uv": [2.3125, 0.375, 2.375, 0.25], "rotation": 90, "texture": "#0"}
			}
		},
		{
			"name": "inner",
			"from": [-1.75, 7.3, 9.5],
			"to": [-1, 8.7, 11.5],
			"rotation": {"angle": 0, "axis": "x", "origin": [16, 8, 8]},
			"faces": {
				"east": {"uv": [2.0625, 0.5, 2.1875, 0.3125], "rotation": 270, "texture": "#0"},
				"south": {"uv": [1.9375, 0.3125, 2.0625, 0.25], "rotation": 270, "texture": "#0"},
				"west": {"uv": [1.9375, 0.5, 2.0625, 0.3125], "rotation": 90, "texture": "#0"}
			}
		},
		{
			"name": "spoke",
			"from": [-1.75, 7.75, 11.5],
			"to": [-1, 8.25, 19.5],
			"rotation": {"angle": 0, "axis": "x", "origin": [16, 8, 8]},
			"faces": {
				"east": {"uv": [1.8125, 0.5, 1.875, 0], "rotation": 270, "texture": "#0"},
				"west": {"uv": [1.6875, 0.5, 1.75, 0], "rotation": 90, "texture": "#0"},
				"up": {"uv": [1.9375, 0, 1.875, 0.5], "texture": "#0"},
				"down": {"uv": [1.8125, 0, 1.75, 0.5], "rotation": 180, "texture": "#0"}
			}
		},
		{
			"name": "rim",
			"from": [-2, 5.4, 19.5],
			"to": [-1, 10.6, 21],
			"rotation": {"angle": 0, "axis": "x", "origin": [16, 8, 8]},
			"faces": {
				"north": {"uv": [2.0625, 0.125, 2.4375, 0.0625], "rotation": 270, "texture": "#0"},
				"east": {"uv": [2.0625, 0.1875, 2.4375, 0.125], "rotation": 270, "texture": "#0"},
				"south": {"uv": [2.0625, 0.25, 2.4375, 0.1875], "rotation": 270, "texture": "#0"},
				"west": {"uv": [2.0625, 0.0625, 2.4375, 0], "rotation": 90, "texture": "#0"}
			}
		},
		{
			"name": "flange",
			"from": [-1.2, 5.3, 21],
			"to": [-1, 10.7, 21.5],
			"rotation": {"angle": 0, "axis": "x", "origin": [16, 8, 8]},
			"faces": {
				"east": {"uv": [1.9375, 0.0625, 2, 0], "rotation": 270, "texture": "#0"},
				"south": {"uv": [1.9375, 0.125, 2, 0.0625], "rotation": 270, "texture": "#0"},
				"west": {"uv": [1.9375, 0.1875, 2, 0.125], "rotation": 90, "texture": "#0"}
			}
		},
		{
			"name": "center",
			"from": [-2, 7.6, 8],
			"to": [-1, 8.4, 10],
			"rotation": {"angle": 22.5, "axis": "x", "origin": [16, 8, 8]},
			"faces": {
				"east": {"uv": [2.375, 0.375, 2.4375, 0.25], "rotation": 270, "texture": "#0"},
				"south": {"uv": [2.375, 0.375, 2.3125, 0.4375], "texture": "#0"},
				"west": {"uv": [2.3125, 0.375, 2.375, 0.25], "rotation": 90, "texture": "#0"}
			}
		},
		{
			"name": "inner",
			"from": [-1.75, 7.3, 9.5],
			"to": [-1, 8.7, 11.5],
			"rotation": {"angle": 22.5, "axis": "x", "origin": [16, 8, 8]},
			"faces": {
				"east": {"uv": [2.0625, 0.5, 2.1875, 0.3125], "rotation": 270, "texture": "#0"},
				"south": {"uv": [1.9375, 0.3125, 2.0625, 0.25], "rotation": 270, "texture": "#0"},
				"west": {"uv": [1.9375, 0.5, 2.0625, 0.3125], "rotation": 90, "texture": "#0"}
			}
		},
		{
			"name": "spoke",
			"from": [-1.75, 7.75, 11.5],
			"to": [-1, 8.25, 19.5],
			"rotation": {"angle": 22.5, "axis": "x", "origin": [16, 8, 8]},
			"faces": {
				"east": {"uv": [1.8125, 0.5, 1.875, 0], "rotation": 270, "texture": "#0"},
				"west": {"uv": [1.6875, 0.5, 1.75, 0], "rotation": 90, "texture": "#0"},
				"up": {"uv": [1.9375, 0, 1.875, 0.5], "texture": "#0"},
				"down": {"uv": [1.8125, 0, 1.75, 0.5], "rotation": 180, "texture": "#0"}
			}
		},
		{
			"name": "rim",
			"from": [-2, 5.4, 19.5],
			"to": [-1, 10.6, 21],
			"rotation": {"angle": 22.5, "axis": "x", "origin": [16, 8, 8]},
			"faces": {
				"north": {"uv": [2.0625, 0.125, 2.4375, 0.0625], "rotation": 270, "texture": "#0"},
				"east": {"uv": [2.0625, 0.1875, 2.4375, 0.125], "rotation": 270, "texture": "#0"},
				"south": {"uv": [2.0625, 0.25, 2.4375, 0.1875], "rotation": 270, "texture": "#0"},
				"west": {"uv": [2.0625, 0.0625, 2.4375, 0], "rotation": 90, "texture": "#0"}
			}
		},
		{
			"name": "flange",
			"from": [-1.2, 5.3, 21],
			"to": [-1, 10.7, 21.5],
			"rotation": {"angle": 22.5, "axis": "x", "origin": [16, 8, 8]},
			"faces": {
				"east": {"uv": [1.9375, 0.0625, 2, 0], "rotation": 270, "texture": "#0"},
				"south": {"uv": [1.9375, 0.125, 2, 0.0625], "rotation": 270, "texture": "#0"},
				"west": {"uv": [1.9375, 0.1875, 2, 0.125], "rotation": 90, "texture": "#0"}
			}
		},
		{
			"name": "center",
			"from": [-2, 6, 7.6],
			"to": [-1, 8, 8.4],
			"rotation": {"angle": -45, "axis": "x", "origin": [16, 8, 8]},
			"faces": {
				"east": {"uv": [2.375, 0.375, 2.4375, 0.25], "rotation": 180, "texture": "#0"},
				"west": {"uv": [2.3125, 0.375, 2.375, 0.25], "rotation": 180, "texture": "#0"},
				"down": {"uv": [2.375, 0.375, 2.3125, 0.4375], "texture": "#0"}
			}
		},
		{
			"name": "inner",
			"from": [-1.75, 4.5, 7.3],
			"to": [-1, 6.5, 8.7],
			"rotation": {"angle": -45, "axis": "x", "origin": [16, 8, 8]},
			"faces": {
				"east": {"uv": [2.0625, 0.5, 2.1875, 0.3125], "rotation": 180, "texture": "#0"},
				"west": {"uv": [1.9375, 0.5, 2.0625, 0.3125], "rotation": 180, "texture": "#0"},
				"down": {"uv": [1.9375, 0.3125, 2.0625, 0.25], "rotation": 270, "texture": "#0"}
			}
		},
		{
			"name": "spoke",
			"from": [-1.75, -3.5, 7.75],
			"to": [-1, 4.5, 8.25],
			"rotation": {"angle": -45, "axis": "x", "origin": [16, 8, 8]},
			"faces": {
				"north": {"uv": [1.8125, 0, 1.75, 0.5], "texture": "#0"},
				"east": {"uv": [1.8125, 0.5, 1.875, 0], "rotation": 180, "texture": "#0"},
				"south": {"uv": [1.9375, 0, 1.875, 0.5], "texture": "#0"},
				"west": {"uv": [1.6875, 0.5, 1.75, 0], "rotation": 180, "texture": "#0"}
			}
		},
		{
			"name": "rim",
			"from": [-2, -5, 5.4],
			"to": [-1, -3.5, 10.6],
			"rotation": {"angle": -45, "axis": "x", "origin": [16, 8, 8]},
			"faces": {
				"east": {"uv": [2.0625, 0.1875, 2.4375, 0.125], "rotation": 180, "texture": "#0"},
				"west": {"uv": [2.0625, 0.0625, 2.4375, 0], "rotation": 180, "texture": "#0"},
				"up": {"uv": [2.0625, 0.125, 2.4375, 0.0625], "rotation": 90, "texture": "#0"},
				"down": {"uv": [2.0625, 0.25, 2.4375, 0.1875], "rotation": 270, "texture": "#0"}
			}
		},
		{
			"name": "flange",
			"from": [-1.2, -5.5, 5.3],
			"to": [-1, -5, 10.7],
			"rotation": {"angle": -45, "axis": "x", "origin": [16, 8, 8]},
			"faces": {
				"east": {"uv": [1.9375, 0.0625, 2, 0], "rotation": 180, "texture": "#0"},
				"west": {"uv": [1.9375, 0.1875, 2, 0.125], "rotation": 180, "texture": "#0"},
				"down": {"uv": [1.9375, 0.125, 2, 0.0625], "rotation": 270, "texture": "#0"}
			}
		},
		{
			"name": "center",
			"from": [-2, 6, 7.6],
			"to": [-1, 8, 8.4],
			"rotation": {"angle": -22.5, "axis": "x", "origin": [16, 8, 8]},
			"faces": {
				"east": {"uv": [2.4375, 0.25, 2.375, 0.375], "texture": "#0"},
				"west": {"uv": [2.375, 0.25, 2.3125, 0.375], "texture": "#0"},
				"down": {"uv": [2.375, 0.375, 2.3125, 0.4375], "texture": "#0"}
			}
		},
		{
			"name": "inner",
			"from": [-1.75, 4.5, 7.3],
			"to": [-1, 6.5, 8.7],
			"rotation": {"angle": -22.5, "axis": "x", "origin": [16, 8, 8]},
			"faces": {
				"east": {"uv": [2.1875, 0.3125, 2.0625, 0.5], "texture": "#0"},
				"west": {"uv": [2.0625, 0.3125, 1.9375, 0.5], "texture": "#0"},
				"down": {"uv": [1.9375, 0.3125, 2.0625, 0.25], "rotation": 270, "texture": "#0"}
			}
		},
		{
			"name": "spoke",
			"from": [-1.75, -3.5, 7.75],
			"to": [-1, 4.5, 8.25],
			"rotation": {"angle": -22.5, "axis": "x", "origin": [16, 8, 8]},
			"faces": {
				"north": {"uv": [1.8125, 0, 1.75, 0.5], "texture": "#0"},
				"east": {"uv": [1.875, 0, 1.8125, 0.5], "texture": "#0"},
				"south": {"uv": [1.9375, 0, 1.875, 0.5], "texture": "#0"},
				"west": {"uv": [1.75, 0, 1.6875, 0.5], "texture": "#0"}
			}
		},
		{
			"name": "rim",
			"from": [-2, -5, 5.4],
			"to": [-1, -3.5, 10.6],
			"rotation": {"angle": -22.5, "axis": "x", "origin": [16, 8, 8]},
			"faces": {
				"east": {"uv": [2.4375, 0.125, 2.0625, 0.1875], "texture": "#0"},
				"west": {"uv": [2.4375, 0, 2.0625, 0.0625], "texture": "#0"},
				"up": {"uv": [2.0625, 0.125, 2.4375, 0.0625], "rotation": 90, "texture": "#0"},
				"down": {"uv": [2.0625, 0.25, 2.4375, 0.1875], "rotation": 270, "texture": "#0"}
			}
		},
		{
			"name": "flange",
			"from": [-1.2, -5.5, 5.3],
			"to": [-1, -5, 10.7],
			"rotation": {"angle": -22.5, "axis": "x", "origin": [16, 8, 8]},
			"faces": {
				"east": {"uv": [2, 0, 1.9375, 0.0625], "texture": "#0"},
				"west": {"uv": [2, 0.125, 1.9375, 0.1875], "texture": "#0"},
				"down": {"uv": [1.9375, 0.125, 2, 0.0625], "rotation": 270, "texture": "#0"}
			}
		},
		{
			"from": [-1, 7, 6],
			"to": [17, 9, 10],
			"faces": {
				"north": {"uv": [14.9375, 9.0625, 16, 9.1875], "texture": "#0"},
				"south": {"uv": [14.9375, 8.5625, 16, 8.6875], "texture": "#0"},
				"up": {"uv": [14.9375, 8.75, 16, 9], "texture": "#0"},
				"down": {"uv": [14.9375, 8.25, 16, 8.5], "texture": "#0"}
			}
		},
		{
			"from": [-1, 6, 7],
			"to": [17, 10, 9],
			"faces": {
				"north": {"uv": [14.9375, 9, 16, 9.25], "texture": "#0"},
				"south": {"uv": [14.9375, 8.5, 16, 8.75], "texture": "#0"},
				"up": {"uv": [14.9375, 8.8125, 16, 8.9375], "texture": "#0"},
				"down": {"uv": [14.9375, 8.3125, 16, 8.4375], "texture": "#0"}
			}
		}
	],
	"display": {
		"gui": {
			"rotation": [25, 135, 0],
			"scale": [0.5, 0.5, 0.5]
		},
		"head": {
			"scale": [2, 2, 2]
		}
	},
	"groups": [
		{
			"name": "right wheel",
			"origin": [8, 8, 8],
			"color": 0,
			"children": []
		},
		{
			"name": "right wheel",
			"origin": [8, 8, 8],
			"color": 0,
			"children": [
				0,
				1,
				{
					"name": "wheel segment",
					"origin": [0, 0, 0],
					"color": 0,
					"children": [2, 3, 4, 5, 6]
				},
				{
					"name": "wheel segment",
					"origin": [0, 0, 0],
					"color": 0,
					"children": [7, 8, 9, 10, 11]
				},
				{
					"name": "wheel segment",
					"origin": [0, 0, 0],
					"color": 0,
					"children": [12, 13, 14, 15, 16]
				},
				{
					"name": "wheel segment",
					"origin": [0, 0, 0],
					"color": 0,
					"children": [17, 18, 19, 20, 21]
				},
				{
					"name": "wheel segment",
					"origin": [0, 0, 0],
					"color": 0,
					"children": [22, 23, 24, 25, 26]
				},
				{
					"name": "wheel segment",
					"origin": [0, 0, 0],
					"color": 0,
					"children": [27, 28, 29, 30, 31]
				},
				{
					"name": "wheel segment",
					"origin": [0, 0, 0],
					"color": 0,
					"children": [32, 33, 34, 35, 36]
				},
				{
					"name": "wheel segment",
					"origin": [0, 0, 0],
					"color": 0,
					"children": [37, 38, 39, 40, 41]
				},
				{
					"name": "wheel segment",
					"origin": [0, 0, 0],
					"color": 0,
					"children": [42, 43, 44, 45, 46]
				},
				{
					"name": "wheel segment",
					"origin": [0, 0, 0],
					"color": 0,
					"children": [47, 48, 49, 50, 51]
				},
				{
					"name": "wheel segment",
					"origin": [0, 0, 0],
					"color": 0,
					"children": [52, 53, 54, 55, 56]
				},
				{
					"name": "wheel segment",
					"origin": [0, 0, 0],
					"color": 0,
					"children": [57, 58, 59, 60, 61]
				},
				{
					"name": "wheel segment",
					"origin": [0, 0, 0],
					"color": 0,
					"children": [62, 63, 64, 65, 66]
				},
				{
					"name": "wheel segment",
					"origin": [0, 0, 0],
					"color": 0,
					"children": [67, 68, 69, 70, 71]
				},
				{
					"name": "wheel segment",
					"origin": [0, 0, 0],
					"color": 0,
					"children": [72, 73, 74, 75, 76]
				},
				{
					"name": "wheel segment",
					"origin": [0, 0, 0],
					"color": 0,
					"children": [77, 78, 79, 80, 81]
				}
			]
		},
		{
			"name": "left wheel",
			"origin": [8, 8, 8],
			"color": 0,
			"children": [
				82,
				83,
				{
					"name": "wheel segment",
					"origin": [0, 0, 0],
					"color": 0,
					"children": [84, 85, 86, 87, 88]
				},
				{
					"name": "wheel segment",
					"origin": [0, 0, 0],
					"color": 0,
					"children": [89, 90, 91, 92, 93]
				},
				{
					"name": "wheel segment",
					"origin": [0, 0, 0],
					"color": 0,
					"children": [94, 95, 96, 97, 98]
				},
				{
					"name": "wheel segment",
					"origin": [0, 0, 0],
					"color": 0,
					"children": [99, 100, 101, 102, 103]
				},
				{
					"name": "wheel segment",
					"origin": [0, 0, 0],
					"color": 0,
					"children": [104, 105, 106, 107, 108]
				},
				{
					"name": "wheel segment",
					"origin": [0, 0, 0],
					"color": 0,
					"children": [109, 110, 111, 112, 113]
				},
				{
					"name": "wheel segment",
					"origin": [0, 0, 0],
					"color": 0,
					"children": [114, 115, 116, 117, 118]
				},
				{
					"name": "wheel segment",
					"origin": [0, 0, 0],
					"color": 0,
					"children": [119, 120, 121, 122, 123]
				},
				{
					"name": "wheel segment",
					"origin": [0, 0, 0],
					"color": 0,
					"children": [124, 125, 126, 127, 128]
				},
				{
					"name": "wheel segment",
					"origin": [0, 0, 0],
					"color": 0,
					"children": [129, 130, 131, 132, 133]
				},
				{
					"name": "wheel segment",
					"origin": [0, 0, 0],
					"color": 0,
					"children": [134, 135, 136, 137, 138]
				},
				{
					"name": "wheel segment",
					"origin": [0, 0, 0],
					"color": 0,
					"children": [139, 140, 141, 142, 143]
				},
				{
					"name": "wheel segment",
					"origin": [0, 0, 0],
					"color": 0,
					"children": [144, 145, 146, 147, 148]
				},
				{
					"name": "wheel segment",
					"origin": [0, 0, 0],
					"color": 0,
					"children": [149, 150, 151, 152, 153]
				},
				{
					"name": "wheel segment",
					"origin": [0, 0, 0],
					"color": 0,
					"children": [154, 155, 156, 157, 158]
				},
				{
					"name": "wheel segment",
					"origin": [0, 0, 0],
					"color": 0,
					"children": [159, 160, 161, 162, 163]
				}
			]
		},
		{
			"name": "axle",
			"origin": [0, 0, 0],
			"color": 0,
			"children": [164, 165]
		}
	]
}